id,minutes,goals_scored,assists,clean_sheets,goals_conceded,own_goals,penalties_saved,penalties_missed,yellow_cards,red_cards,saves,bonus,bps,influence,creativity,threat,ict_index,starts,expected_goals,expected_assists,expected_goal_involvements,expected_goals_conceded,total_points,in_dreamteam
1,0,0,0,0,0,0,0,0,0,0,0,0,0,0.0,0.0,0.0,0.0,0,0.00,0.00,0.00,0.00,0,False
2,0,0,0,0,0,0,0,0,0,0,0,0,0,0.0,0.0,0.0,0.0,0,0.00,0.00,0.00,0.00,0,False
3,0,0,0,0,0,0,0,0,0,0,0,0,0,0.0,0.0,0.0,0.0,0,0.00,0.00,0.00,0.00,0,False
4,0,0,0,0,0,0,0,0,0,0,0,0,0,0.0,0.0,0.0,0.0,0,0.00,0.00,0.00,0.00,0,False
5,4,0,0,0,0,0,0,0,0,0,0,0,2,0.2,0.0,0.0,0.0,0,0.00,0.00,0.00,0.02,1,False
6,90,0,0,0,1,0,0,0,0,0,0,0,11,9.4,30.3,15.0,5.5,1,0.05,0.24,0.29,1.18,2,False
7,0,0,0,0,0,0,0,0,0,0,0,0,0,0.0,0.0,0.0,0.0,0,0.00,0.00,0.00,0.00,0,False
8,0,0,0,0,0,0,0,0,0,0,0,0,0,0.0,0.0,0.0,0.0,0,0.00,0.00,0.00,0.00,0,False
9,0,0,0,0,0,0,0,0,0,0,0,0,0,0.0,0.0,0.0,0.0,0,0.00,0.00,0.00,0.00,0,False
10,0,0,0,0,0,0,0,0,0,0,0,0,0,0.0,0.0,0.0,0.0,0,0.00,0.00,0.00,0.00,0,False
11,0,0,0,0,0,0,0,0,0,0,0,0,0,0.0,0.0,0.0,0.0,0,0.00,0.00,0.00,0.00,0,False
12,85,0,1,0,1,0,0,0,0,0,0,0,23,25.4,42.5,8.0,7.6,1,0.00,0.22,0.22,1.16,5,False
13,72,1,0,1,0,0,0,0,0,0,0,2,26,30.2,5.9,36.0,7.2,1,0.21,0.01,0.22,0.30,8,False
14,90,0,0,0,1,0,0,0,0,0,0,0,11,12.0,23.4,14.0,4.9,1,0.11,0.09,0.20,1.18,2,False
15,90,0,0,0,1,0,0,0,0,0,0,0,18,23.8,27.6,2.0,5.3,1,0.00,0.06,0.06,1.18,2,False
16,0,0,0,0,0,0,0,0,0,0,0,0,0,0.0,0.0,0.0,0.0,0,0.00,0.00,0.00,0.00,0,False
17,90,0,0,0,1,0,0,0,0,0,1,0,10,12.6,0.0,0.0,1.3,1,0.00,0.00,0.00,1.18,2,False
18,0,0,0,0,0,0,0,0,0,0,0,0,0,0.0,0.0,0.0,0.0,0,0.00,0.00,0.00,0.00,0,False
19,90,1,0,0,1,0,0,0,0,0,0,3,37,53.8,46.2,39.0,13.9,1,0.19,0.17,0.36,1.18,10,True
20,90,0,1,0,1,0,0,0,0,0,0,0,22,33.6,13.6,2.0,4.9,1,0.00,0.03,0.03,1.18,5,False
21,0,0,0,0,0,0,0,0,0,0,0,0,0,0.0,0.0,0.0,0.0,0,0.00,0.00,0.00,0.00,0,False
22,0,0,0,0,0,0,0,0,0,0,0,0,0,0.0,0.0,0.0,0.0,0,0.00,0.00,0.00,0.00,0,False
23,0,0,0,0,0,0,0,0,0,0,0,0,0,0.0,0.0,0.0,0.0,0,0.00,0.00,0.00,0.00,0,False
24,0,0,0,0,0,0,0,0,0,0,0,0,0,0.0,0.0,0.0,0.0,0,0.00,0.00,0.00,0.00,0,False
25,40,0,0,0,1,0,0,0,0,0,0,0,9,10.0,4.3,9.0,2.3,0,0.03,0.02,0.05,0.90,1,False
26,17,0,0,0,1,0,0,0,0,0,0,0,8,5.4,10.8,0.0,1.6,0,0.00,0.01,0.01,0.88,1,False
27,0,0,0,0,0,0,0,0,0,0,0,0,0,0.0,0.0,0.0,0.0,0,0.00,0.00,0.00,0.00,0,False
28,90,0,0,0,2,0,0,0,0,0,5,0,20,30.0,0.0,0.0,3.0,1,0.00,0.00,0.00,0.83,2,False
29,90,0,0,0,1,0,0,0,1,0,0,0,8,10.8,7.3,2.0,2.0,1,0.00,0.03,0.03,1.18,1,False
30,0,0,0,0,0,0,0,0,0,0,0,0,0,0.0,0.0,0.0,0.0,0,0.00,0.00,0.00,0.00,0,False
31,0,0,0,0,0,0,0,0,0,0,0,0,0,0.0,0.0,0.0,0.0,0,0.00,0.00,0.00,0.00,0,False
32,0,0,0,0,0,0,0,0,0,0,0,0,0,0.0,0.0,0.0,0.0,0,0.00,0.00,0.00,0.00,0,False
33,0,0,0,0,0,0,0,0,0,0,0,0,0,0.0,0.0,0.0,0.0,0,0.00,0.00,0.00,0.00,0,False
34,45,0,0,0,2,0,0,0,0,0,0,0,-1,0.2,3.8,0.0,0.4,1,0.00,0.01,0.01,1.24,1,False
35,0,0,0,0,0,0,0,0,0,0,0,0,0,0.0,0.0,0.0,0.0,0,0.00,0.00,0.00,0.00,0,False
36,86,0,0,0,4,0,0,0,1,0,0,0,1,3.8,1.8,11.0,1.7,1,0.74,0.00,0.74,2.80,-1,False
37,0,0,0,0,0,0,0,0,0,0,0,0,0,0.0,0.0,0.0,0.0,0,0.00,0.00,0.00,0.00,0,False
38,3,0,0,0,1,0,0,0,0,0,0,0,3,0.0,1.8,4.0,0.5,0,0.08,0.01,0.09,0.65,1,False
39,0,0,0,0,0,0,0,0,0,0,0,0,0,0.0,0.0,0.0,0.0,0,0.00,0.00,0.00,0.00,0,False
40,0,0,0,0,0,0,0,0,0,0,0,0,0,0.0,0.0,0.0,0.0,0,0.00,0.00,0.00,0.00,0,False
41,26,0,0,0,2,0,0,0,0,0,0,0,6,9.4,0.4,37.0,4.7,0,0.27,0.00,0.27,1.64,0,False
42,90,0,0,0,5,0,0,0,1,0,0,0,13,13.2,45.2,2.0,6.0,1,0.00,0.15,0.15,3.44,-1,False
43,90,0,0,0,5,0,0,0,1,0,0,0,10,9.4,22.3,19.0,5.1,1,0.19,0.15,0.34,3.44,1,False
44,0,0,0,0,0,0,0,0,0,0,0,0,0,0.0,0.0,0.0,0.0,0,0.00,0.00,0.00,0.00,0,False
45,0,0,0,0,0,0,0,0,0,0,0,0,0,0.0,0.0,0.0,0.0,0,0.00,0.00,0.00,0.00,0,False
46,0,0,0,0,0,0,0,0,0,0,0,0,0,0.0,0.0,0.0,0.0,0,0.00,0.00,0.00,0.00,0,False
47,90,0,0,0,5,0,0,0,0,0,0,0,10,4.8,19.3,7.0,3.1,1,0.03,0.02,0.05,3.44,2,False
48,90,0,0,0,5,0,0,0,0,0,0,0,16,13.2,1.3,0.0,1.5,1,0.00,0.01,0.01,3.44,0,False
49,90,0,0,0,5,0,0,0,1,0,7,0,18,45.6,0.0,0.0,4.6,1,0.00,0.00,0.00,3.44,1,False
50,63,0,0,0,3,0,0,0,0,0,0,0,6,0.8,18.1,0.0,1.9,1,0.00,0.03,0.03,1.80,2,False
51,30,0,0,0,2,0,0,0,0,0,0,0,5,3.6,13.0,5.0,2.2,1,0.01,0.16,0.17,1.08,0,False
52,90,0,0,0,4,0,0,0,0,0,0,0,9,12.8,10.8,2.0,2.6,1,0.01,0.01,0.02,4.10,2,False
53,0,0,0,0,0,0,0,0,0,0,0,0,0,0.0,0.0,0.0,0.0,0,0.00,0.00,0.00,0.00,0,False
54,3,0,0,0,1,0,0,0,0,0,0,0,3,0.4,0.3,2.0,0.3,0,0.00,0.00,0.00,0.65,1,False
55,0,0,0,0,0,0,0,0,0,0,0,0,0,0.0,0.0,0.0,0.0,0,0.00,0.00,0.00,0.00,0,False
56,0,0,0,0,0,0,0,0,0,0,0,0,0,0.0,0.0,0.0,0.0,0,0.00,0.00,0.00,0.00,0,False
57,0,0,0,0,0,0,0,0,0,0,0,0,0,0.0,0.0,0.0,0.0,0,0.00,0.00,0.00,0.00,0,False
58,45,0,0,0,3,0,0,0,0,0,0,0,3,3.4,13.3,2.0,1.9,0,0.00,0.09,0.09,2.20,1,False
59,0,0,0,0,0,0,0,0,0,0,0,0,0,0.0,0.0,0.0,0.0,0,0.00,0.00,0.00,0.00,0,False
60,90,0,1,0,5,0,0,0,0,0,0,0,18,32.2,23.4,29.0,8.5,1,0.23,0.10,0.33,3.44,5,False
61,0,0,0,0,0,0,0,0,0,0,0,0,0,0.0,0.0,0.0,0.0,0,0.00,0.00,0.00,0.00,0,False
62,59,0,0,0,1,0,0,0,0,0,0,0,1,5.4,1.2,2.0,0.9,1,0.00,0.00,0.00,0.84,1,False
63,90,0,0,0,1,0,0,0,0,0,0,0,13,16.2,17.1,14.0,4.7,1,0.07,0.06,0.13,1.07,2,False
64,74,0,0,0,1,0,0,0,0,0,0,0,4,5.2,13.8,16.0,3.5,1,0.16,0.02,0.18,0.88,2,False
65,66,0,0,0,1,0,0,0,0,0,0,0,8,11.4,14.8,9.0,3.5,1,0.02,0.03,0.05,0.84,2,False
66,0,0,0,0,0,0,0,0,0,0,0,0,0,0.0,0.0,0.0,0.0,0,0.00,0.00,0.00,0.00,0,False
67,0,0,0,0,0,0,0,0,0,0,0,0,0,0.0,0.0,0.0,0.0,0,0.00,0.00,0.00,0.00,0,False
68,0,0,0,0,0,0,0,0,0,0,0,0,0,0.0,0.0,0.0,0.0,0,0.00,0.00,0.00,0.00,0,False
69,15,0,0,0,0,0,0,0,0,0,0,0,1,0.0,1.8,0.0,0.2,0,0.00,0.01,0.01,0.19,1,False
70,0,0,0,0,0,0,0,0,0,0,0,0,0,0.0,0.0,0.0,0.0,0,0.00,0.00,0.00,0.00,0,False
71,0,0,0,0,0,0,0,0,0,0,0,0,0,0.0,0.0,0.0,0.0,0,0.00,0.00,0.00,0.00,0,False
72,30,0,0,0,0,0,0,0,0,0,0,0,2,1.4,1.5,2.0,0.5,0,0.00,0.01,0.01,0.23,1,False
73,0,0,0,0,0,0,0,0,0,0,0,0,0,0.0,0.0,0.0,0.0,0,0.00,0.00,0.00,0.00,0,False
74,0,0,0,0,0,0,0,0,0,0,0,0,0,0.0,0.0,0.0,0.0,0,0.00,0.00,0.00,0.00,0,False
75,30,0,0,0,0,0,0,0,1,0,0,0,2,5.8,11.2,0.0,1.7,0,0.00,0.01,0.01,0.23,0,False
76,23,0,0,0,0,0,0,0,0,0,0,0,2,0.0,3.3,7.0,0.9,0,0.04,0.05,0.09,0.23,1,False
77,90,0,0,0,1,0,0,0,0,0,1,0,11,14.0,0.0,0.0,1.4,1,0.00,0.01,0.01,1.07,2,False
78,0,0,0,0,0,0,0,0,0,0,0,0,0,0.0,0.0,0.0,0.0,0,0.00,0.00,0.00,0.00,0,False
79,0,0,0,0,0,0,0,0,0,0,0,0,0,0.0,0.0,0.0,0.0,0,0.00,0.00,0.00,0.00,0,False
80,0,0,0,0,0,0,0,0,0,0,0,0,0,0.0,0.0,0.0,0.0,0,0.00,0.00,0.00,0.00,0,False
81,90,0,0,0,1,0,0,0,0,0,0,0,13,18.8,15.3,1.0,3.5,1,0.03,0.04,0.07,1.07,2,False
82,15,0,1,0,0,0,0,0,0,0,0,0,11,0.0,2.3,3.0,0.5,0,0.07,0.01,0.08,0.19,4,False
83,59,0,0,0,1,0,0,0,0,0,0,0,9,16.2,0.5,0.0,1.7,1,0.00,0.02,0.02,0.84,1,False
84,0,0,0,0,0,0,0,0,0,0,0,0,0,0.0,0.0,0.0,0.0,0,0.00,0.00,0.00,0.00,0,False
85,90,1,0,0,1,0,0,0,0,0,0,1,22,40.6,23.0,72.0,13.6,1,0.98,0.14,1.12,1.07,7,False
86,0,0,0,0,0,0,0,0,0,0,0,0,0,0.0,0.0,0.0,0.0,0,0.00,0.00,0.00,0.00,0,False
87,0,0,0,0,0,0,0,0,0,0,0,0,0,0.0,0.0,0.0,0.0,0,0.00,0.00,0.00,0.00,0,False
88,0,0,0,0,0,0,0,0,0,0,0,0,0,0.0,0.0,0.0,0.0,0,0.00,0.00,0.00,0.00,0,False
89,90,0,0,0,1,0,0,0,0,0,0,0,11,15.4,1.2,0.0,1.7,1,0.00,0.01,0.01,1.07,2,False
90,83,0,0,0,2,0,0,0,0,0,0,0,7,14.2,1.0,2.0,1.7,1,0.00,0.01,0.01,1.14,1,False
91,0,0,0,0,0,0,0,0,0,0,0,0,0,0.0,0.0,0.0,0.0,0,0.00,0.00,0.00,0.00,0,False
92,18,0,0,0,0,0,0,0,0,0,0,0,3,2.2,0.0,0.0,0.2,0,0.00,0.01,0.01,0.24,1,False
93,0,0,0,0,0,0,0,0,0,0,0,0,0,0.0,0.0,0.0,0.0,0,0.00,0.00,0.00,0.00,0,False
94,0,0,0,0,0,0,0,0,0,0,0,0,0,0.0,0.0,0.0,0.0,0,0.00,0.00,0.00,0.00,0,False
95,0,0,0,0,0,0,0,0,0,0,0,0,0,0.0,0.0,0.0,0.0,0,0.00,0.00,0.00,0.00,0,False
96,90,0,0,0,2,0,0,0,0,0,0,0,16,20.8,0.7,4.0,2.6,1,0.00,0.01,0.01,1.26,1,False
97,0,0,0,0,0,0,0,0,0,0,0,0,0,0.0,0.0,0.0,0.0,0,0.00,0.00,0.00,0.00,0,False
98,41,0,0,0,0,0,0,0,0,0,0,0,4,10.4,0.3,17.0,2.8,0,0.07,0.01,0.08,0.57,1,False
99,0,0,0,0,0,0,0,0,0,0,0,0,0,0.0,0.0,0.0,0.0,0,0.00,0.00,0.00,0.00,0,False
100,0,0,0,0,0,0,0,0,0,0,0,0,0,0.0,0.0,0.0,0.0,0,0.00,0.00,0.00,0.00,0,False
101,90,0,0,0,2,0,0,0,0,0,4,0,17,34.8,0.0,0.0,3.5,1,0.00,0.00,0.00,1.26,2,False
102,0,0,0,0,0,0,0,0,0,0,0,0,0,0.0,0.0,0.0,0.0,0,0.00,0.00,0.00,0.00,0,False
103,90,0,1,0,2,0,0,0,0,0,0,0,20,33.8,36.3,6.0,7.6,1,0.00,0.74,0.74,1.26,4,False
104,71,0,0,0,2,0,0,0,1,0,0,0,7,11.0,10.8,4.0,2.6,1,0.03,0.08,0.11,1.02,0,False
105,90,0,0,0,2,0,0,0,0,0,0,0,6,14.6,11.5,17.0,4.3,1,0.02,0.01,0.03,1.26,2,False
106,48,0,1,0,2,0,0,0,0,0,0,0,9,3.4,0.7,4.0,0.8,1,0.00,0.03,0.03,0.69,4,False
107,0,0,0,0,0,0,0,0,0,0,0,0,0,0.0,0.0,0.0,0.0,0,0.00,0.00,0.00,0.00,0,False
108,90,1,0,0,2,0,0,0,0,0,0,0,14,33.4,6.0,44.0,8.3,1,1.35,0.03,1.38,1.26,7,False
109,0,0,0,0,0,0,0,0,0,0,0,0,0,0.0,0.0,0.0,0.0,0,0.00,0.00,0.00,0.00,0,False
110,71,0,0,0,2,0,0,0,0,0,0,0,9,8.8,1.8,6.0,1.7,1,0.00,0.01,0.01,1.02,2,False
111,0,0,0,0,0,0,0,0,0,0,0,0,0,0.0,0.0,0.0,0.0,0,0.00,0.00,0.00,0.00,0,False
112,90,0,0,0,2,0,0,0,0,0,0,0,14,24.4,0.5,0.0,2.5,1,0.00,0.00,0.00,1.26,1,False
113,0,0,0,0,0,0,0,0,0,0,0,0,0,0.0,0.0,0.0,0.0,0,0.00,0.00,0.00,0.00,0,False
114,18,0,0,0,0,0,0,0,0,0,0,0,5,2.8,0.0,2.0,0.5,0,0.03,0.00,0.03,0.24,1,False
115,18,0,0,0,0,0,0,0,0,0,0,0,-1,0.0,0.0,6.0,0.4,0,0.27,0.00,0.27,0.24,1,False
116,0,0,0,0,0,0,0,0,0,0,0,0,0,0.0,0.0,0.0,0.0,0,0.00,0.00,0.00,0.00,0,False
117,0,0,0,0,0,0,0,0,0,0,0,0,0,0.0,0.0,0.0,0.0,0,0.00,0.00,0.00,0.00,0,False
118,0,0,0,0,0,0,0,0,0,0,0,0,0,0.0,0.0,0.0,0.0,0,0.00,0.00,0.00,0.00,0,False
119,71,1,0,0,2,0,0,0,0,0,0,3,33,49.8,21.3,45.0,11.6,1,0.24,0.05,0.29,1.02,9,True
120,0,0,0,0,0,0,0,0,0,0,0,0,0,0.0,0.0,0.0,0.0,0,0.00,0.00,0.00,0.00,0,False
121,6,0,0,0,0,0,0,0,0,0,0,0,8,9.8,17.1,0.0,2.7,0,0.00,0.11,0.11,0.12,1,False
122,16,1,0,0,1,0,0,0,0,0,0,0,20,33.0,1.3,35.0,6.9,0,0.25,0.01,0.26,1.04,6,False
123,0,0,0,0,0,0,0,0,0,0,0,0,0,0.0,0.0,0.0,0.0,0,0.00,0.00,0.00,0.00,0,False
124,0,0,0,0,0,0,0,0,0,0,0,0,0,0.0,0.0,0.0,0.0,0,0.00,0.00,0.00,0.00,0,False
125,0,0,0,0,0,0,0,0,0,0,0,0,0,0.0,0.0,0.0,0.0,0,0.00,0.00,0.00,0.00,0,False
126,0,0,0,0,0,0,0,0,0,0,0,0,0,0.0,0.0,0.0,0.0,0,0.00,0.00,0.00,0.00,0,False
127,0,0,0,0,0,0,0,0,0,0,0,0,0,0.0,0.0,0.0,0.0,0,0.00,0.00,0.00,0.00,0,False
128,73,0,0,1,0,0,0,0,0,0,0,0,12,7.4,25.8,5.0,3.8,1,0.04,0.11,0.15,0.41,3,False
129,90,0,0,0,1,0,0,0,0,0,0,0,10,6.0,3.1,15.0,2.4,1,0.12,0.59,0.71,1.45,2,False
130,2,0,0,0,0,0,0,0,0,0,0,0,2,0.0,0.0,0.0,0.0,0,0.00,0.00,0.00,0.25,1,False
131,90,0,1,0,1,0,0,0,1,0,0,3,34,46.0,79.3,35.0,16.0,1,0.11,0.86,0.97,1.45,7,False
132,12,1,0,0,1,0,0,0,0,0,0,0,25,32.2,10.6,37.0,8.0,0,0.89,0.03,0.92,1.04,5,False
133,16,0,0,0,1,0,0,0,0,0,0,0,4,6.0,5.0,7.0,1.8,0,0.02,0.05,0.07,1.04,1,False
134,90,0,0,0,1,0,0,0,0,0,0,0,18,29.0,73.4,34.0,13.6,1,0.49,0.47,0.96,1.45,2,False
135,87,1,0,0,1,0,0,0,0,0,0,1,26,40.8,16.1,57.0,11.4,1,1.30,0.03,1.33,1.20,7,False
136,0,0,0,0,0,0,0,0,0,0,0,0,0,0.0,0.0,0.0,0.0,0,0.00,0.00,0.00,0.00,0,False
137,0,0,0,0,0,0,0,0,0,0,0,0,0,0.0,0.0,0.0,0.0,0,0.00,0.00,0.00,0.00,0,False
138,0,0,0,0,0,0,0,0,0,0,0,0,0,0.0,0.0,0.0,0.0,0,0.00,0.00,0.00,0.00,0,False
139,0,0,0,0,0,0,0,0,0,0,0,0,0,0.0,0.0,0.0,0.0,0,0.00,0.00,0.00,0.00,0,False
140,73,1,0,1,0,0,0,0,0,0,0,1,26,44.2,23.4,36.0,10.4,1,0.55,0.02,0.57,0.41,9,False
141,0,0,0,0,0,0,0,0,0,0,0,0,0,0.0,0.0,0.0,0.0,0,0.00,0.00,0.00,0.00,0,False
142,78,0,0,1,0,0,0,0,0,0,0,0,16,7.6,3.2,0.0,1.1,1,0.00,0.02,0.02,0.41,3,False
143,90,0,1,0,1,0,0,0,1,0,0,1,26,28.6,61.9,22.0,11.3,1,0.02,0.62,0.64,1.45,5,False
144,0,0,0,0,0,0,0,0,0,0,0,0,0,0.0,0.0,0.0,0.0,0,0.00,0.00,0.00,0.00,0,False
145,90,0,0,0,1,0,0,0,0,0,0,0,9,13.8,0.0,0.0,1.4,1,0.00,0.00,0.00,1.28,2,False
146,0,0,0,0,0,0,0,0,0,0,0,0,0,0.0,0.0,0.0,0.0,0,0.00,0.00,0.00,0.00,0,False
147,0,0,0,0,0,0,0,0,0,0,0,0,0,0.0,0.0,0.0,0.0,0,0.00,0.00,0.00,0.00,0,False
148,90,0,0,0,1,0,0,0,0,0,2,0,18,22.2,0.0,0.0,2.2,1,0.00,0.00,0.00,1.45,2,False
149,0,0,0,0,0,0,0,0,0,0,0,0,0,0.0,0.0,0.0,0.0,0,0.00,0.00,0.00,0.00,0,False
150,90,0,0,0,1,0,0,0,0,0,0,0,19,32.2,0.5,17.0,5.0,1,0.02,0.00,0.02,1.45,2,False
151,11,0,0,0,1,0,0,0,0,0,0,0,2,0.2,0.3,0.0,0.1,0,0.00,0.00,0.00,1.04,1,False
152,0,0,0,0,0,0,0,0,0,0,0,0,0,0.0,0.0,0.0,0.0,0,0.00,0.00,0.00,0.00,0,False
153,0,0,0,0,0,0,0,0,0,0,0,0,0,0.0,0.0,0.0,0.0,0,0.00,0.00,0.00,0.00,0,False
154,77,0,0,1,0,0,0,0,0,0,0,0,5,3.8,1.9,33.0,3.9,1,0.31,0.10,0.41,0.41,2,False
155,0,0,0,0,0,0,0,0,0,0,0,0,0,0.0,0.0,0.0,0.0,0,0.00,0.00,0.00,0.00,0,False
156,0,0,0,0,0,0,0,0,0,0,0,0,0,0.0,0.0,0.0,0.0,0,0.00,0.00,0.00,0.00,0,False
157,90,0,0,0,3,0,0,0,0,0,0,0,12,20.2,0.6,2.0,2.3,1,0.00,0.01,0.01,2.21,1,False
158,0,0,0,0,0,0,0,0,0,0,0,0,0,0.0,0.0,0.0,0.0,0,0.00,0.00,0.00,0.00,0,False
159,16,0,0,0,1,0,0,0,0,0,0,0,-1,0.0,0.8,0.0,0.1,0,0.00,0.00,0.00,1.20,1,False
160,73,0,0,0,2,0,0,0,0,0,0,0,18,18.8,0.2,0.0,1.9,1,0.00,0.00,0.00,1.01,1,False
161,1,0,0,0,0,0,0,0,0,0,0,0,3,0.0,1.0,0.0,0.1,0,0.00,0.00,0.00,0.12,1,False
162,0,0,0,0,0,0,0,0,0,0,0,0,0,0.0,0.0,0.0,0.0,0,0.00,0.00,0.00,0.00,0,False
163,0,0,0,0,0,0,0,0,0,0,0,0,0,0.0,0.0,0.0,0.0,0,0.00,0.00,0.00,0.00,0,False
164,0,0,0,0,0,0,0,0,0,0,0,0,0,0.0,0.0,0.0,0.0,0,0.00,0.00,0.00,0.00,0,False
165,90,0,0,0,3,0,0,0,0,0,0,0,12,3.8,6.5,0.0,1.0,1,0.00,0.01,0.01,2.21,2,False
166,0,0,0,0,0,0,0,0,0,0,0,0,0,0.0,0.0,0.0,0.0,0,0.00,0.00,0.00,0.00,0,False
167,0,0,0,0,0,0,0,0,0,0,0,0,0,0.0,0.0,0.0,0.0,0,0.00,0.00,0.00,0.00,0,False
168,90,0,0,0,3,0,0,0,0,0,0,0,5,7.8,12.4,13.0,3.3,1,0.14,0.04,0.18,2.09,2,False
169,0,0,0,0,0,0,0,0,0,0,0,0,0,0.0,0.0,0.0,0.0,0,0.00,0.00,0.00,0.00,0,False
170,0,0,0,0,0,0,0,0,0,0,0,0,0,0.0,0.0,0.0,0.0,0,0.00,0.00,0.00,0.00,0,False
171,0,0,0,0,0,0,0,0,0,0,0,0,0,0.0,0.0,0.0,0.0,0,0.00,0.00,0.00,0.00,0,False
172,0,0,0,0,0,0,0,0,0,0,0,0,0,0.0,0.0,0.0,0.0,0,0.00,0.00,0.00,0.00,0,False
173,90,0,0,0,3,0,0,0,0,0,0,0,12,15.6,0.1,0.0,1.6,1,0.00,0.00,0.00,2.21,1,False
174,0,0,0,0,0,0,0,0,0,0,0,0,0,0.0,0.0,0.0,0.0,0,0.00,0.00,0.00,0.00,0,False
175,0,0,0,0,0,0,0,0,0,0,0,0,0,0.0,0.0,0.0,0.0,0,0.00,0.00,0.00,0.00,0,False
176,90,0,0,0,3,0,0,0,0,0,0,0,10,8.0,1.8,0.0,1.0,1,0.00,0.01,0.01,2.21,1,False
177,0,0,0,0,0,0,0,0,0,0,0,0,0,0.0,0.0,0.0,0.0,0,0.00,0.00,0.00,0.00,0,False
178,0,0,0,0,0,0,0,0,0,0,0,0,0,0.0,0.0,0.0,0.0,0,0.00,0.00,0.00,0.00,0,False
179,0,0,0,0,0,0,0,0,0,0,0,0,0,0.0,0.0,0.0,0.0,0,0.00,0.00,0.00,0.00,0,False
180,0,0,0,0,0,0,0,0,0,0,0,0,0,0.0,0.0,0.0,0.0,0,0.00,0.00,0.00,0.00,0,False
181,0,0,0,0,0,0,0,0,0,0,0,0,0,0.0,0.0,0.0,0.0,0,0.00,0.00,0.00,0.00,0,False
182,90,0,0,0,3,0,0,0,0,0,0,0,6,8.8,11.4,2.0,2.2,1,0.00,0.03,0.03,2.21,1,False
183,0,0,0,0,0,0,0,0,0,0,0,0,0,0.0,0.0,0.0,0.0,0,0.00,0.00,0.00,0.00,0,False
184,30,0,0,0,1,0,0,0,0,1,0,0,-6,0.0,18.9,2.0,1.7,0,0.04,0.06,0.10,1.37,-2,False
185,0,0,0,0,0,0,0,0,0,0,0,0,0,0.0,0.0,0.0,0.0,0,0.00,0.00,0.00,0.00,0,False
186,0,0,0,0,0,0,0,0,0,0,0,0,0,0.0,0.0,0.0,0.0,0,0.00,0.00,0.00,0.00,0,False
187,0,0,0,0,0,0,0,0,0,0,0,0,0,0.0,0.0,0.0,0.0,0,0.00,0.00,0.00,0.00,0,False
188,0,0,0,0,0,0,0,0,0,0,0,0,0,0.0,0.0,0.0,0.0,0,0.00,0.00,0.00,0.00,0,False
189,0,0,0,0,0,0,0,0,0,0,0,0,0,0.0,0.0,0.0,0.0,0,0.00,0.00,0.00,0.00,0,False
190,0,0,0,0,0,0,0,0,0,0,0,0,0,0.0,0.0,0.0,0.0,0,0.00,0.00,0.00,0.00,0,False
191,0,0,0,0,0,0,0,0,0,0,0,0,0,0.0,0.0,0.0,0.0,0,0.00,0.00,0.00,0.00,0,False
192,0,0,0,0,0,0,0,0,0,0,0,0,0,0.0,0.0,0.0,0.0,0,0.00,0.00,0.00,0.00,0,False
193,0,0,0,0,0,0,0,0,0,0,0,0,0,0.0,0.0,0.0,0.0,0,0.00,0.00,0.00,0.00,0,False
194,0,0,0,0,0,0,0,0,0,0,0,0,0,0.0,0.0,0.0,0.0,0,0.00,0.00,0.00,0.00,0,False
195,89,0,1,0,1,0,0,0,0,0,0,2,24,23.6,16.6,23.0,6.3,1,0.11,0.23,0.34,1.26,7,False
196,80,0,0,0,1,0,0,0,1,0,0,0,4,1.2,11.2,10.0,2.2,1,0.00,0.15,0.15,1.23,1,False
197,90,0,0,0,1,0,0,0,0,0,0,0,19,17.8,22.5,7.0,4.7,1,0.08,0.01,0.09,1.28,2,False
198,0,0,0,0,0,0,0,0,0,0,0,0,0,0.0,0.0,0.0,0.0,0,0.00,0.00,0.00,0.00,0,False
199,90,0,0,0,1,0,0,0,1,0,0,0,18,19.8,38.5,9.0,6.7,1,0.06,0.11,0.17,1.28,1,False
200,0,0,0,0,0,0,0,0,0,0,0,0,0,0.0,0.0,0.0,0.0,0,0.00,0.00,0.00,0.00,0,False
201,0,0,0,0,0,0,0,0,0,0,0,0,0,0.0,0.0,0.0,0.0,0,0.00,0.00,0.00,0.00,0,False
202,90,0,0,0,1,0,0,0,0,0,0,0,14,17.4,6.3,0.0,2.4,1,0.00,0.02,0.02,1.28,2,False
203,14,0,0,0,0,0,0,0,0,0,0,0,3,3.8,1.3,0.0,0.5,0,0.00,0.01,0.01,0.04,1,False
204,0,0,0,0,0,0,0,0,0,0,0,0,0,0.0,0.0,0.0,0.0,0,0.00,0.00,0.00,0.00,0,False
205,0,0,0,0,0,0,0,0,0,0,0,0,0,0.0,0.0,0.0,0.0,0,0.00,0.00,0.00,0.00,0,False
206,75,0,0,0,1,0,0,0,0,0,0,0,15,11.4,35.9,3.0,5.0,1,0.03,0.42,0.45,1.23,2,False
207,0,0,0,0,0,0,0,0,0,0,0,0,0,0.0,0.0,0.0,0.0,0,0.00,0.00,0.00,0.00,0,False
208,0,0,0,0,0,0,0,0,0,0,0,0,0,0.0,0.0,0.0,0.0,0,0.00,0.00,0.00,0.00,0,False
209,67,0,0,1,0,0,0,0,0,0,0,0,7,0.0,2.0,2.0,0.4,1,0.00,0.02,0.02,1.19,3,False
210,9,0,0,0,0,0,0,0,0,0,0,0,5,2.4,1.3,4.0,0.8,0,0.00,0.01,0.01,0.04,1,False
211,90,0,0,0,1,0,0,0,1,0,0,0,-6,9.6,5.5,48.0,6.3,1,0.53,0.01,0.54,1.28,1,False
212,0,0,0,0,0,0,0,0,0,0,0,0,0,0.0,0.0,0.0,0.0,0,0.00,0.00,0.00,0.00,0,False
213,0,0,0,0,0,0,0,0,0,0,0,0,0,0.0,0.0,0.0,0.0,0,0.00,0.00,0.00,0.00,0,False
214,0,0,0,0,0,0,0,0,0,0,0,0,0,0.0,0.0,0.0,0.0,0,0.00,0.00,0.00,0.00,0,False
215,0,0,0,0,0,0,0,0,0,0,0,0,0,0.0,0.0,0.0,0.0,0,0.00,0.00,0.00,0.00,0,False
216,80,0,0,0,1,0,0,0,0,0,0,0,8,13.0,26.0,10.0,4.9,1,0.00,0.09,0.09,1.23,2,False
217,90,0,0,0,1,0,0,0,0,0,0,0,19,32.8,11.7,8.0,5.3,1,0.00,0.07,0.07,1.28,2,False
218,0,0,0,0,0,0,0,0,0,0,0,0,0,0.0,0.0,0.0,0.0,0,0.00,0.00,0.00,0.00,0,False
219,0,0,0,0,0,0,0,0,0,0,0,0,0,0.0,0.0,0.0,0.0,0,0.00,0.00,0.00,0.00,0,False
220,90,0,0,1,0,0,0,0,0,0,0,3,31,41.2,24.9,42.0,10.8,1,0.15,0.11,0.26,0.49,9,True
221,90,0,1,1,0,0,0,0,0,0,0,0,14,26.8,32.0,32.0,9.1,1,0.09,0.36,0.45,0.49,6,False
222,0,0,0,0,0,0,0,0,0,0,0,0,0,0.0,0.0,0.0,0.0,0,0.00,0.00,0.00,0.00,0,False
223,90,0,0,1,0,0,0,0,0,0,0,0,12,14.6,33.0,9.0,5.7,1,0.01,0.03,0.04,0.49,3,False
224,0,0,0,0,0,0,0,0,0,0,0,0,0,0.0,0.0,0.0,0.0,0,0.00,0.00,0.00,0.00,0,False
225,90,1,0,1,0,0,0,0,0,0,0,1,27,44.4,22.2,93.0,16.0,1,1.12,0.14,1.26,0.49,7,False
226,90,0,0,1,0,0,0,0,0,0,0,0,21,13.4,96.2,35.0,14.5,1,0.51,0.58,1.09,0.49,3,False
227,0,0,0,0,0,0,0,0,0,0,0,0,0,0.0,0.0,0.0,0.0,0,0.00,0.00,0.00,0.00,0,False
228,90,0,0,1,0,0,0,0,0,0,0,0,26,25.4,10.8,4.0,4.0,1,0.04,0.01,0.05,0.49,6,False
229,0,0,0,0,0,0,0,0,0,0,0,0,0,0.0,0.0,0.0,0.0,0,0.00,0.00,0.00,0.00,0,False
230,90,0,0,1,0,0,0,0,0,0,1,0,22,7.4,0.0,0.0,0.7,1,0.00,0.00,0.00,0.49,6,False
231,90,0,0,1,0,0,0,0,0,0,0,0,12,14.2,13.6,3.0,3.1,1,0.02,0.02,0.04,0.49,3,False
232,0,0,0,0,0,0,0,0,0,0,0,0,0,0.0,0.0,0.0,0.0,0,0.00,0.00,0.00,0.00,0,False
233,0,0,0,0,0,0,0,0,0,0,0,0,0,0.0,0.0,0.0,0.0,0,0.00,0.00,0.00,0.00,0,False
234,90,0,0,1,0,0,0,0,0,0,0,2,29,14.6,2.6,2.0,1.9,1,0.00,0.02,0.02,0.49,8,False
235,0,0,0,0,0,0,0,0,0,0,0,0,0,0.0,0.0,0.0,0.0,0,0.00,0.00,0.00,0.00,0,False
236,0,0,0,0,0,0,0,0,0,0,0,0,0,0.0,0.0,0.0,0.0,0,0.00,0.00,0.00,0.00,0,False
237,0,0,0,0,0,0,0,0,0,0,0,0,0,0.0,0.0,0.0,0.0,0,0.00,0.00,0.00,0.00,0,False
238,0,0,0,0,0,0,0,0,0,0,0,0,0,0.0,0.0,0.0,0.0,0,0.00,0.00,0.00,0.00,0,False
239,0,0,0,0,0,0,0,0,0,0,0,0,0,0.0,0.0,0.0,0.0,0,0.00,0.00,0.00,0.00,0,False
240,90,0,0,1,0,0,0,0,0,0,0,0,9,17.0,23.4,20.0,6.0,1,0.06,0.08,0.14,0.49,3,False
241,1,0,0,0,0,0,0,0,0,0,0,0,3,0.2,0.0,0.0,0.0,0,0.00,0.00,0.00,0.00,1,False
242,90,0,0,1,0,0,0,0,0,0,0,0,21,12.0,4.1,0.0,1.6,1,0.00,0.02,0.02,0.49,6,False
243,0,0,0,0,0,0,0,0,0,0,0,0,0,0.0,0.0,0.0,0.0,0,0.00,0.00,0.00,0.00,0,False
244,0,0,0,0,0,0,0,0,0,0,0,0,0,0.0,0.0,0.0,0.0,0,0.00,0.00,0.00,0.00,0,False
245,0,0,0,0,0,0,0,0,0,0,0,0,0,0.0,0.0,0.0,0.0,0,0.00,0.00,0.00,0.00,0,False
246,0,0,0,0,0,0,0,0,0,0,0,0,0,0.0,0.0,0.0,0.0,0,0.00,0.00,0.00,0.00,0,False
247,0,0,0,0,0,0,0,0,0,0,0,0,0,0.0,0.0,0.0,0.0,0,0.00,0.00,0.00,0.00,0,False
248,0,0,0,0,0,0,0,0,0,0,0,0,0,0.0,0.0,0.0,0.0,0,0.00,0.00,0.00,0.00,0,False
249,90,0,0,0,1,0,0,0,0,0,0,0,7,8.8,34.4,25.0,6.8,1,0.56,0.10,0.66,1.50,2,False
250,82,0,0,0,1,0,0,0,0,0,0,0,12,8.8,18.3,0.0,2.7,1,0.00,0.01,0.01,1.33,2,False
251,0,0,0,0,0,0,0,0,0,0,0,0,0,0.0,0.0,0.0,0.0,0,0.00,0.00,0.00,0.00,0,False
252,0,0,0,0,0,0,0,0,0,0,0,0,0,0.0,0.0,0.0,0.0,0,0.00,0.00,0.00,0.00,0,False
253,0,0,0,0,0,0,0,0,0,0,0,0,0,0.0,0.0,0.0,0.0,0,0.00,0.00,0.00,0.00,0,False
254,90,0,0,0,1,0,0,0,0,0,0,0,15,17.8,15.4,6.0,3.9,1,0.06,0.03,0.09,1.50,2,False
255,0,0,0,0,0,0,0,0,0,0,0,0,0,0.0,0.0,0.0,0.0,0,0.00,0.00,0.00,0.00,0,False
256,90,0,0,0,1,0,0,0,0,0,0,0,9,19.4,40.7,46.0,10.6,1,0.32,0.28,0.60,1.50,2,False
257,90,0,0,0,1,0,0,0,0,0,0,0,16,20.6,1.5,34.0,5.6,1,0.04,0.02,0.06,1.50,2,False
258,71,0,0,1,0,0,0,0,0,0,0,0,-4,9.4,11.7,75.0,9.6,1,1.35,0.00,1.35,0.32,2,False
259,0,0,0,0,0,0,0,0,0,0,0,0,0,0.0,0.0,0.0,0.0,0,0.00,0.00,0.00,0.00,0,False
260,0,0,0,0,0,0,0,0,0,0,0,0,0,0.0,0.0,0.0,0.0,0,0.00,0.00,0.00,0.00,0,False
261,90,0,0,0,1,0,0,0,0,0,0,0,18,11.4,38.1,17.0,6.7,1,0.05,0.38,0.43,1.50,2,False
262,90,0,0,0,1,0,0,0,0,0,0,0,1,6.8,2.9,10.0,2.0,1,0.31,0.01,0.32,1.50,2,False
263,90,0,0,0,1,0,0,0,0,0,1,0,10,14.0,10.0,0.0,2.4,1,0.00,0.01,0.01,1.50,2,False
264,0,0,0,0,0,0,0,0,0,0,0,0,0,0.0,0.0,0.0,0.0,0,0.00,0.00,0.00,0.00,0,False
265,90,0,0,0,1,0,0,0,0,0,0,0,8,10.4,0.3,8.0,1.9,1,0.04,0.03,0.07,1.50,2,False
266,0,0,0,0,0,0,0,0,0,0,0,0,0,0.0,0.0,0.0,0.0,0,0.00,0.00,0.00,0.00,0,False
267,32,0,1,0,0,0,0,0,0,0,0,0,10,0.6,0.8,2.0,0.3,0,0.00,0.00,0.00,0.60,4,False
268,57,0,0,0,0,0,0,0,0,0,0,0,4,0.4,12.4,3.0,1.6,1,0.04,0.08,0.12,2.13,1,False
269,0,0,0,0,0,0,0,0,0,0,0,0,0,0.0,0.0,0.0,0.0,0,0.00,0.00,0.00,0.00,0,False
270,45,1,0,0,0,0,0,0,0,0,0,0,21,37.8,1.5,46.0,8.5,0,1.12,0.01,1.13,0.60,6,False
271,90,0,0,1,0,0,0,0,0,0,0,2,30,30.8,0.9,0.0,3.2,1,0.00,0.01,0.01,2.73,8,False
272,0,0,0,0,0,0,0,0,0,0,0,0,0,0.0,0.0,0.0,0.0,0,0.00,0.00,0.00,0.00,0,False
273,0,0,0,0,0,0,0,0,0,0,0,0,0,0.0,0.0,0.0,0.0,0,0.00,0.00,0.00,0.00,0,False
274,0,0,0,0,0,0,0,0,0,0,0,0,0,0.0,0.0,0.0,0.0,0,0.00,0.00,0.00,0.00,0,False
275,90,0,0,1,0,0,0,0,0,0,9,3,46,75.0,0.0,0.0,7.5,1,0.00,0.00,0.00,2.73,12,True
276,90,0,0,1,0,0,0,0,0,0,0,0,15,8.0,12.1,1.0,2.1,1,0.02,0.01,0.03,2.73,3,False
277,0,0,0,0,0,0,0,0,0,0,0,0,0,0.0,0.0,0.0,0.0,0,0.00,0.00,0.00,0.00,0,False
278,32,0,0,0,0,0,0,0,0,0,0,0,6,6.4,0.3,26.0,3.3,0,0.16,0.02,0.18,0.60,1,False
279,0,0,0,0,0,0,0,0,0,0,0,0,0,0.0,0.0,0.0,0.0,0,0.00,0.00,0.00,0.00,0,False
280,0,0,0,0,0,0,0,0,0,0,0,0,0,0.0,0.0,0.0,0.0,0,0.00,0.00,0.00,0.00,0,False
281,90,0,0,1,0,0,0,0,0,0,0,1,28,15.8,0.6,0.0,1.6,1,0.00,0.00,0.00,2.73,7,False
282,90,0,0,1,0,0,0,0,0,0,0,0,13,13.2,12.8,2.0,2.8,1,0.00,0.08,0.08,2.73,3,False
283,90,0,0,1,0,0,0,0,0,0,0,0,25,21.2,2.8,6.0,3.0,1,0.00,0.01,0.01,2.73,6,False
284,0,0,0,0,0,0,0,0,0,0,0,0,0,0.0,0.0,0.0,0.0,0,0.00,0.00,0.00,0.00,0,False
285,90,0,0,1,0,0,0,0,1,0,0,0,24,24.2,16.6,0.0,4.1,1,0.00,0.02,0.02,2.73,5,False
286,0,0,0,0,0,0,0,0,0,0,0,0,0,0.0,0.0,0.0,0.0,0,0.00,0.00,0.00,0.00,0,False
287,0,0,0,0,0,0,0,0,0,0,0,0,0,0.0,0.0,0.0,0.0,0,0.00,0.00,0.00,0.00,0,False
288,90,0,0,1,0,0,0,0,0,0,0,0,13,10.8,32.9,5.0,4.9,1,0.07,0.20,0.27,2.73,3,False
289,0,0,0,0,0,0,0,0,0,0,0,0,0,0.0,0.0,0.0,0.0,0,0.00,0.00,0.00,0.00,0,False
290,90,0,0,0,1,0,0,0,1,0,0,0,7,13.6,9.1,0.0,2.3,1,0.00,0.02,0.02,1.28,1,False
291,90,0,0,0,1,0,0,0,0,0,4,0,16,26.2,0.0,0.0,2.6,1,0.00,0.00,0.00,1.28,3,False
292,0,0,0,0,0,0,0,0,0,0,0,0,0,0.0,0.0,0.0,0.0,0,0.00,0.00,0.00,0.00,0,False
293,24,0,0,0,0,0,0,0,0,0,0,0,3,2.2,1.3,8.0,1.2,0,0.04,0.02,0.06,0.24,1,False
294,65,0,0,0,1,0,0,0,1,0,0,0,3,3.2,12.9,10.0,2.6,1,0.07,0.01,0.08,1.04,1,False
295,13,0,0,0,0,0,0,0,0,0,0,0,6,6.6,11.6,4.0,2.2,0,0.00,0.01,0.01,0.14,1,False
296,0,0,0,0,0,0,0,0,0,0,0,0,0,0.0,0.0,0.0,0.0,0,0.00,0.00,0.00,0.00,0,False
297,65,0,0,0,1,0,0,0,0,0,0,0,5,8.0,10.9,2.0,2.1,1,0.00,0.05,0.05,1.04,2,False
298,0,0,0,0,0,0,0,0,0,0,0,0,0,0.0,0.0,0.0,0.0,0,0.00,0.00,0.00,0.00,0,False
299,0,0,0,0,0,0,0,0,0,0,0,0,0,0.0,0.0,0.0,0.0,0,0.00,0.00,0.00,0.00,0,False
300,24,0,0,0,0,0,0,0,0,0,0,0,1,4.6,1.8,0.0,0.6,0,0.00,0.01,0.01,0.24,1,False
301,0,0,0,0,0,0,0,0,0,0,0,0,0,0.0,0.0,0.0,0.0,0,0.00,0.00,0.00,0.00,0,False
302,90,0,0,0,1,0,0,0,0,0,0,0,14,24.4,0.6,2.0,2.7,1,0.00,0.00,0.00,1.28,2,False
303,76,1,0,0,1,0,0,0,0,0,0,1,20,35.0,14.8,33.0,8.3,1,0.83,0.04,0.87,1.28,8,False
304,90,0,0,0,1,0,0,0,1,0,0,0,13,13.6,13.5,0.0,2.7,1,0.00,0.22,0.22,1.28,1,False
305,0,0,0,0,0,0,0,0,0,0,0,0,0,0.0,0.0,0.0,0.0,0,0.00,0.00,0.00,0.00,0,False
306,0,0,0,0,0,0,0,0,0,0,0,0,0,0.0,0.0,0.0,0.0,0,0.00,0.00,0.00,0.00,0,False
307,90,0,0,0,1,0,0,0,0,0,0,0,16,26.4,12.6,2.0,4.1,1,0.00,0.01,0.01,1.28,2,False
308,76,0,1,0,1,0,0,0,0,0,0,0,15,16.6,20.2,12.0,4.9,1,0.28,0.31,0.59,1.28,5,False
309,90,0,0,0,1,0,0,0,0,0,0,0,17,9.6,37.5,10.0,5.7,1,0.02,0.10,0.12,1.28,2,False
310,0,0,0,0,0,0,0,0,0,0,0,0,0,0.0,0.0,0.0,0.0,0,0.00,0.00,0.00,0.00,0,False
311,0,0,0,0,0,0,0,0,0,0,0,0,0,0.0,0.0,0.0,0.0,0,0.00,0.00,0.00,0.00,0,False
312,0,0,0,0,0,0,0,0,0,0,0,0,0,0.0,0.0,0.0,0.0,0,0.00,0.00,0.00,0.00,0,False
313,90,0,0,0,1,0,0,0,0,0,0,0,13,20.0,0.5,3.0,2.4,1,0.03,0.02,0.05,1.28,2,False
314,63,0,0,0,1,0,0,0,0,0,0,0,5,5.0,10.8,0.0,1.6,1,0.00,0.09,0.09,1.55,2,False
315,75,0,0,0,2,0,0,0,1,0,0,0,6,13.2,0.7,0.0,1.4,1,0.00,0.00,0.00,2.34,0,False
316,90,0,0,0,4,0,0,0,0,0,0,0,10,21.2,0.7,0.0,2.2,1,0.00,0.00,0.00,4.10,0,False
317,2,0,0,0,1,0,0,0,0,0,0,0,3,0.0,0.0,0.0,0.0,0,0.00,0.00,0.00,1.22,1,False
318,0,0,0,0,0,0,0,0,0,0,0,0,0,0.0,0.0,0.0,0.0,0,0.00,0.00,0.00,0.00,0,False
319,0,0,0,0,0,0,0,0,0,0,0,0,0,0.0,0.0,0.0,0.0,0,0.00,0.00,0.00,0.00,0,False
320,0,0,0,0,0,0,0,0,0,0,0,0,0,0.0,0.0,0.0,0.0,0,0.00,0.00,0.00,0.00,0,False
321,26,0,0,0,3,0,0,0,0,0,0,0,2,1.0,0.3,0.0,0.1,0,0.00,0.02,0.02,2.55,0,False
322,0,0,0,0,0,0,0,0,0,0,0,0,0,0.0,0.0,0.0,0.0,0,0.00,0.00,0.00,0.00,0,False
323,0,0,0,0,0,0,0,0,0,0,0,0,0,0.0,0.0,0.0,0.0,0,0.00,0.00,0.00,0.00,0,False
324,0,0,0,0,0,0,0,0,0,0,0,0,0,0.0,0.0,0.0,0.0,0,0.00,0.00,0.00,0.00,0,False
325,0,0,0,0,0,0,0,0,0,0,0,0,0,0.0,0.0,0.0,0.0,0,0.00,0.00,0.00,0.00,0,False
326,90,1,0,0,4,0,0,0,0,0,0,2,28,37.8,3.3,50.0,9.1,1,1.05,0.09,1.14,4.10,8,False
327,0,0,0,0,0,0,0,0,0,0,0,0,0,0.0,0.0,0.0,0.0,0,0.00,0.00,0.00,0.00,0,False
328,14,0,0,0,2,0,0,0,0,0,0,0,3,0.4,0.3,4.0,0.5,0,0.00,0.00,0.00,1.76,1,False
329,0,0,0,0,0,0,0,0,0,0,0,0,0,0.0,0.0,0.0,0.0,0,0.00,0.00,0.00,0.00,0,False
330,0,0,0,0,0,0,0,0,0,0,0,0,0,0.0,0.0,0.0,0.0,0,0.00,0.00,0.00,0.00,0,False
331,0,0,0,0,0,0,0,0,0,0,0,0,0,0.0,0.0,0.0,0.0,0,0.00,0.00,0.00,0.00,0,False
332,0,0,0,0,0,0,0,0,0,0,0,0,0,0.0,0.0,0.0,0.0,0,0.00,0.00,0.00,0.00,0,False
333,0,0,0,0,0,0,0,0,0,0,0,0,0,0.0,0.0,0.0,0.0,0,0.00,0.00,0.00,0.00,0,False
334,0,0,0,0,0,0,0,0,0,0,0,0,0,0.0,0.0,0.0,0.0,0,0.00,0.00,0.00,0.00,0,False
335,0,0,0,0,0,0,0,0,0,0,0,0,0,0.0,0.0,0.0,0.0,0,0.00,0.00,0.00,0.00,0,False
336,0,0,0,0,0,0,0,0,0,0,0,0,0,0.0,0.0,0.0,0.0,0,0.00,0.00,0.00,0.00,0,False
337,0,0,0,0,0,0,0,0,0,0,0,0,0,0.0,0.0,0.0,0.0,0,0.00,0.00,0.00,0.00,0,False
338,0,0,0,0,0,0,0,0,0,0,0,0,0,0.0,0.0,0.0,0.0,0,0.00,0.00,0.00,0.00,0,False
339,0,0,0,0,0,0,0,0,0,0,0,0,0,0.0,0.0,0.0,0.0,0,0.00,0.00,0.00,0.00,0,False
340,2,0,0,0,1,0,0,0,0,0,0,0,7,7.0,20.5,4.0,3.2,0,0.00,0.37,0.37,1.22,1,False
341,90,0,0,1,0,0,0,0,0,0,0,0,23,22.0,1.3,0.0,2.3,1,0.00,0.01,0.01,0.30,6,False
342,78,0,0,1,0,0,0,0,0,0,0,1,32,14.2,1.9,10.0,2.6,1,0.31,0.01,0.32,0.23,7,False
343,90,0,1,1,0,0,0,0,0,0,0,0,25,30.6,84.8,28.0,14.3,1,0.39,0.37,0.76,0.30,5,False
344,90,0,0,1,0,0,0,0,0,0,0,0,11,2.2,8.6,0.0,1.1,1,0.00,0.03,0.03,0.30,3,False
345,0,0,0,0,0,0,0,0,0,0,0,0,0,0.0,0.0,0.0,0.0,0,0.00,0.00,0.00,0.00,0,False
346,0,0,0,0,0,0,0,0,0,0,0,0,0,0.0,0.0,0.0,0.0,0,0.00,0.00,0.00,0.00,0,False
347,0,0,0,0,0,0,0,0,0,0,0,0,0,0.0,0.0,0.0,0.0,0,0.00,0.00,0.00,0.00,0,False
348,0,0,0,0,0,0,0,0,0,0,0,0,0,0.0,0.0,0.0,0.0,0,0.00,0.00,0.00,0.00,0,False
349,22,0,0,0,0,0,0,0,0,0,0,0,4,2.4,18.8,1.0,2.2,1,0.02,0.16,0.18,0.10,1,False
350,0,0,0,0,0,0,0,0,0,0,0,0,0,0.0,0.0,0.0,0.0,0,0.00,0.00,0.00,0.00,0,False
351,0,0,0,0,0,0,0,0,0,0,0,0,0,0.0,0.0,0.0,0.0,0,0.00,0.00,0.00,0.00,0,False
352,90,0,0,1,0,0,0,0,0,0,1,0,27,18.4,0.0,0.0,1.8,1,0.00,0.01,0.01,0.30,6,False
353,90,0,0,1,0,0,0,0,0,0,0,0,6,9.0,32.8,32.0,7.4,1,0.27,0.11,0.38,0.30,3,False
354,0,0,0,0,0,0,0,0,0,0,0,0,0,0.0,0.0,0.0,0.0,0,0.00,0.00,0.00,0.00,0,False
355,79,2,0,1,0,0,0,0,0,0,0,3,56,67.6,23.7,48.0,13.9,1,0.60,0.05,0.65,0.23,13,True
356,67,0,0,1,0,0,0,0,0,0,0,0,18,9.6,19.3,0.0,2.9,0,0.00,0.24,0.24,0.21,3,False
357,11,0,0,0,0,0,0,0,0,0,0,0,4,11.4,0.1,17.0,2.9,0,0.12,0.00,0.12,0.07,1,False
358,78,0,0,1,0,0,0,0,0,0,0,0,25,2.2,5.8,0.0,0.8,1,0.00,0.01,0.01,0.23,6,False
359,0,0,0,0,0,0,0,0,0,0,0,0,0,0.0,0.0,0.0,0.0,0,0.00,0.00,0.00,0.00,0,False
360,1,0,0,0,0,0,0,0,0,0,0,0,3,0.0,0.0,0.0,0.0,0,0.00,0.00,0.00,0.00,1,False
361,0,0,0,0,0,0,0,0,0,0,0,0,0,0.0,0.0,0.0,0.0,0,0.00,0.00,0.00,0.00,0,False
362,10,0,0,0,0,0,0,0,0,0,0,0,1,0.0,0.7,0.0,0.0,0,0.00,0.02,0.02,0.07,1,False
363,0,0,0,0,0,0,0,0,0,0,0,0,0,0.0,0.0,0.0,0.0,0,0.00,0.00,0.00,0.00,0,False
364,0,0,0,0,0,0,0,0,0,0,0,0,0,0.0,0.0,0.0,0.0,0,0.00,0.00,0.00,0.00,0,False
365,90,1,1,1,0,0,0,0,0,0,0,2,42,70.2,18.8,64.0,15.3,1,0.50,0.17,0.67,0.30,13,True
366,0,0,0,0,0,0,0,0,0,0,0,0,0,0.0,0.0,0.0,0.0,0,0.00,0.00,0.00,0.00,0,False
367,0,0,0,0,0,0,0,0,0,0,0,0,0,0.0,0.0,0.0,0.0,0,0.00,0.00,0.00,0.00,0,False
368,0,0,0,0,0,0,0,0,0,0,0,0,0,0.0,0.0,0.0,0.0,0,0.00,0.00,0.00,0.00,0,False
369,90,0,0,1,0,0,0,0,0,0,0,0,26,3.6,14.5,2.0,2.0,1,0.00,0.04,0.04,0.30,6,False
370,0,0,0,0,0,0,0,0,0,0,0,0,0,0.0,0.0,0.0,0.0,0,0.00,0.00,0.00,0.00,0,False
371,0,0,0,0,0,0,0,0,0,0,0,0,0,0.0,0.0,0.0,0.0,0,0.00,0.00,0.00,0.00,0,False
372,76,0,0,1,0,0,0,0,0,0,0,0,8,7.4,34.8,19.0,6.1,1,0.22,0.05,0.27,1.45,3,False
373,90,0,0,1,0,0,0,0,0,0,0,0,13,29.8,42.6,6.0,7.8,1,0.03,0.73,0.76,2.27,3,False
374,0,0,0,0,0,0,0,0,0,0,0,0,0,0.0,0.0,0.0,0.0,0,0.00,0.00,0.00,0.00,0,False
375,0,0,0,0,0,0,0,0,0,0,0,0,0,0.0,0.0,0.0,0.0,0,0.00,0.00,0.00,0.00,0,False
376,90,0,0,1,0,0,0,0,0,0,0,0,16,35.4,24.0,0.0,5.9,1,0.00,0.08,0.08,2.27,3,False
377,0,0,0,0,0,0,0,0,0,0,0,0,0,0.0,0.0,0.0,0.0,0,0.00,0.00,0.00,0.00,0,False
378,10,0,1,0,0,0,0,0,0,0,0,0,17,19.2,20.5,2.0,4.2,0,0.00,0.61,0.61,0.40,4,False
379,22,0,0,0,0,0,0,0,0,0,0,0,4,0.0,0.6,0.0,0.0,0,0.00,0.01,0.01,1.08,1,False
380,0,0,0,0,0,0,0,0,0,0,0,0,0,0.0,0.0,0.0,0.0,0,0.00,0.00,0.00,0.00,0,False
381,0,0,0,0,0,0,0,0,0,0,0,0,0,0.0,0.0,0.0,0.0,0,0.00,0.00,0.00,0.00,0,False
382,67,0,0,1,0,0,0,0,0,0,0,0,4,0.0,3.8,14.0,1.5,1,0.12,0.04,0.16,1.19,3,False
383,0,0,0,0,0,0,0,0,0,0,0,0,0,0.0,0.0,0.0,0.0,0,0.00,0.00,0.00,0.00,0,False
384,0,0,0,0,0,0,0,0,0,0,0,0,0,0.0,0.0,0.0,0.0,0,0.00,0.00,0.00,0.00,0,False
385,0,0,0,0,0,0,0,0,0,0,0,0,0,0.0,0.0,0.0,0.0,0,0.00,0.00,0.00,0.00,0,False
386,45,0,0,0,0,0,0,0,0,0,0,0,5,3.0,0.1,2.0,0.5,0,0.00,0.00,0.00,2.03,1,False
387,0,0,0,0,0,0,0,0,0,0,0,0,0,0.0,0.0,0.0,0.0,0,0.00,0.00,0.00,0.00,0,False
388,0,0,0,0,0,0,0,0,0,0,0,0,0,0.0,0.0,0.0,0.0,0,0.00,0.00,0.00,0.00,0,False
389,0,0,0,0,0,0,0,0,0,0,0,0,0,0.0,0.0,0.0,0.0,0,0.00,0.00,0.00,0.00,0,False
390,0,0,0,0,0,0,0,0,0,0,0,0,0,0.0,0.0,0.0,0.0,0,0.00,0.00,0.00,0.00,0,False
391,45,0,0,0,0,0,0,0,1,0,0,0,7,4.8,4.1,0.0,0.9,1,0.00,0.02,0.02,0.24,0,False
392,2,0,0,0,0,0,0,0,0,0,0,0,4,7.4,0.2,0.0,0.8,0,0.00,0.00,0.00,0.46,1,False
393,0,0,0,0,0,0,0,0,0,0,0,0,0,0.0,0.0,0.0,0.0,0,0.00,0.00,0.00,0.00,0,False
394,13,0,0,0,0,0,0,0,0,0,0,0,2,2.2,0.3,7.0,1.0,0,0.24,0.00,0.24,0.82,1,False
395,90,1,0,1,0,0,0,0,0,0,0,2,38,46.6,1.2,37.0,8.5,1,0.55,0.00,0.55,2.27,14,True
396,87,0,0,1,0,0,0,0,0,0,0,0,5,7.6,12.0,44.0,6.4,1,0.30,0.02,0.32,1.81,3,False
397,22,0,0,0,0,0,0,0,0,0,0,0,4,3.8,11.3,8.0,2.3,0,0.00,0.05,0.05,1.08,1,False
398,90,0,0,1,0,0,0,0,1,0,0,0,25,31.0,3.7,8.0,4.3,1,0.00,0.04,0.04,2.27,5,False
399,0,0,0,0,0,0,0,0,0,0,0,0,0,0.0,0.0,0.0,0.0,0,0.00,0.00,0.00,0.00,0,False
400,0,0,0,0,0,0,0,0,0,0,0,0,0,0.0,0.0,0.0,0.0,0,0.00,0.00,0.00,0.00,0,False
401,90,0,1,1,0,0,0,0,0,0,0,3,40,45.6,37.4,6.0,8.9,1,0.00,0.78,0.78,2.27,12,True
402,85,0,0,0,1,0,0,0,0,0,0,0,20,13.6,23.5,13.0,5.0,1,0.07,0.07,0.14,1.58,2,False
403,1,0,0,0,0,0,0,0,0,0,0,0,3,1.0,0.1,0.0,0.1,0,0.00,0.00,0.00,0.24,1,False
404,0,0,0,0,0,0,0,0,0,0,0,0,0,0.0,0.0,0.0,0.0,0,0.00,0.00,0.00,0.00,0,False
405,90,0,1,0,1,0,0,0,1,0,0,1,27,35.4,11.8,8.0,5.5,1,0.07,0.25,0.32,1.90,5,False
406,84,0,0,0,1,0,0,0,1,0,0,0,6,11.4,2.3,16.0,3.0,1,0.09,0.03,0.12,1.58,1,False
407,90,0,0,0,1,0,0,0,0,0,0,0,9,21.4,1.3,9.0,3.2,1,0.16,0.01,0.17,1.90,2,False
408,0,0,0,0,0,0,0,0,0,0,0,0,0,0.0,0.0,0.0,0.0,0,0.00,0.00,0.00,0.00,0,False
409,0,0,0,0,0,0,0,0,0,0,0,0,0,0.0,0.0,0.0,0.0,0,0.00,0.00,0.00,0.00,0,False
410,0,0,0,0,0,0,0,0,0,0,0,0,0,0.0,0.0,0.0,0.0,0,0.00,0.00,0.00,0.00,0,False
411,0,0,0,0,0,0,0,0,0,0,0,0,0,0.0,0.0,0.0,0.0,0,0.00,0.00,0.00,0.00,0,False
412,67,0,1,0,1,0,0,0,1,0,0,0,18,21.8,29.5,5.0,5.6,1,0.07,0.36,0.43,1.50,4,False
413,0,0,0,0,0,0,0,0,0,0,0,0,0,0.0,0.0,0.0,0.0,0,0.00,0.00,0.00,0.00,0,False
414,0,0,0,0,0,0,0,0,0,0,0,0,0,0.0,0.0,0.0,0.0,0,0.00,0.00,0.00,0.00,0,False
415,67,2,0,0,1,0,0,0,0,0,0,3,51,68.4,2.7,61.0,13.2,1,0.76,0.02,0.78,1.50,13,True
416,90,0,0,0,1,0,0,0,0,0,0,0,13,9.8,7.4,8.0,2.5,1,0.12,0.16,0.28,1.90,2,False
417,0,0,0,0,0,0,0,0,0,0,0,0,0,0.0,0.0,0.0,0.0,0,0.00,0.00,0.00,0.00,0,False
418,0,0,0,0,0,0,0,0,0,0,0,0,0,0.0,0.0,0.0,0.0,0,0.00,0.00,0.00,0.00,0,False
419,0,0,0,0,0,0,0,0,0,0,0,0,0,0.0,0.0,0.0,0.0,0,0.00,0.00,0.00,0.00,0,False
420,0,0,0,0,0,0,0,0,0,0,0,0,0,0.0,0.0,0.0,0.0,0,0.00,0.00,0.00,0.00,0,False
421,5,0,0,0,0,0,0,0,0,0,0,0,3,0.0,0.0,0.0,0.0,0,0.00,0.00,0.00,0.32,1,False
422,0,0,0,0,0,0,0,0,0,0,0,0,0,0.0,0.0,0.0,0.0,0,0.00,0.00,0.00,0.00,0,False
423,4,0,1,0,0,0,0,0,0,0,0,0,19,21.6,26.3,2.0,5.0,0,0.00,0.29,0.29,0.32,4,False
424,90,0,0,0,1,0,0,0,0,0,5,0,18,33.8,0.0,0.0,3.4,1,0.00,0.00,0.00,1.90,3,False
425,0,0,0,0,0,0,0,0,0,0,0,0,0,0.0,0.0,0.0,0.0,0,0.00,0.00,0.00,0.00,0,False
426,0,0,0,0,0,0,0,0,0,0,0,0,0,0.0,0.0,0.0,0.0,0,0.00,0.00,0.00,0.00,0,False
427,90,0,0,0,1,0,0,0,0,0,0,0,14,13.2,3.7,0.0,1.7,1,0.00,0.00,0.00,1.90,2,False
428,0,0,0,0,0,0,0,0,0,0,0,0,0,0.0,0.0,0.0,0.0,0,0.00,0.00,0.00,0.00,0,False
429,90,1,0,0,1,0,0,0,1,0,0,0,25,42.8,17.8,34.0,9.5,1,0.59,0.10,0.69,1.66,6,False
430,90,0,0,0,1,0,0,0,0,0,0,0,22,17.0,55.8,2.0,7.5,1,0.00,0.26,0.26,1.90,2,False
431,0,0,0,0,0,0,0,0,0,0,0,0,0,0.0,0.0,0.0,0.0,0,0.00,0.00,0.00,0.00,0,False
432,0,0,0,0,0,0,0,0,0,0,0,0,0,0.0,0.0,0.0,0.0,0,0.00,0.00,0.00,0.00,0,False
433,22,1,0,0,0,0,0,0,0,0,0,0,21,42.0,0.3,64.0,10.6,0,0.91,0.00,0.91,0.40,5,False
434,0,0,0,0,0,0,0,0,0,0,0,0,0,0.0,0.0,0.0,0.0,0,0.00,0.00,0.00,0.00,0,False
435,0,0,0,0,0,0,0,0,0,0,0,0,0,0.0,0.0,0.0,0.0,0,0.00,0.00,0.00,0.00,0,False
436,90,0,0,0,2,0,0,0,0,0,0,0,10,7.6,0.5,4.0,1.2,1,0.00,0.00,0.00,0.83,1,False
437,19,1,0,0,0,0,0,0,0,0,0,2,26,33.2,0.1,35.0,6.8,0,0.57,0.00,0.57,0.46,7,False
438,0,0,0,0,0,0,0,0,0,0,0,0,0,0.0,0.0,0.0,0.0,0,0.00,0.00,0.00,0.00,0,False
439,90,0,0,0,2,0,0,0,0,0,0,0,14,17.6,10.8,33.0,6.1,1,0.21,0.03,0.24,0.83,1,False
440,0,0,0,0,0,0,0,0,0,0,0,0,0,0.0,0.0,0.0,0.0,0,0.00,0.00,0.00,0.00,0,False
441,0,0,0,0,0,0,0,0,0,0,0,0,0,0.0,0.0,0.0,0.0,0,0.00,0.00,0.00,0.00,0,False
442,70,0,0,0,2,0,0,0,0,0,0,0,8,8.6,1.1,2.0,1.2,1,0.00,0.01,0.01,0.38,2,False
443,0,0,0,0,0,0,0,0,0,0,0,0,0,0.0,0.0,0.0,0.0,0,0.00,0.00,0.00,0.00,0,False
444,0,0,0,0,0,0,0,0,0,0,0,0,0,0.0,0.0,0.0,0.0,0,0.00,0.00,0.00,0.00,0,False
445,0,0,0,0,0,0,0,0,0,0,0,0,0,0.0,0.0,0.0,0.0,0,0.00,0.00,0.00,0.00,0,False
446,0,0,0,0,0,0,0,0,0,0,0,0,0,0.0,0.0,0.0,0.0,0,0.00,0.00,0.00,0.00,0,False
447,90,0,0,0,2,0,0,0,0,0,0,0,8,8.2,17.8,6.0,3.2,1,0.07,0.21,0.28,0.83,2,False
448,0,0,0,0,0,0,0,0,0,0,0,0,0,0.0,0.0,0.0,0.0,0,0.00,0.00,0.00,0.00,0,False
449,0,0,0,0,0,0,0,0,0,0,0,0,0,0.0,0.0,0.0,0.0,0,0.00,0.00,0.00,0.00,0,False
450,79,0,0,0,2,0,0,0,0,0,0,0,0,0.0,0.3,6.0,0.5,1,0.28,0.00,0.28,0.43,2,False
451,1,0,0,0,0,0,0,0,0,0,0,0,2,3.4,0.2,1.0,0.5,0,0.02,0.00,0.02,0.08,1,False
452,0,0,0,0,0,0,0,0,0,0,0,0,0,0.0,0.0,0.0,0.0,0,0.00,0.00,0.00,0.00,0,False
453,89,0,0,0,2,0,0,0,1,0,0,0,-2,6.0,10.8,0.0,1.7,1,0.00,0.00,0.00,0.75,1,False
454,0,0,0,0,0,0,0,0,0,0,0,0,0,0.0,0.0,0.0,0.0,0,0.00,0.00,0.00,0.00,0,False
455,90,0,0,0,2,0,0,0,0,0,0,0,8,12.0,0.3,0.0,1.2,1,0.00,0.00,0.00,0.83,1,False
456,0,0,0,0,0,0,0,0,0,0,0,0,0,0.0,0.0,0.0,0.0,0,0.00,0.00,0.00,0.00,0,False
457,0,0,0,0,0,0,0,0,0,0,0,0,0,0.0,0.0,0.0,0.0,0,0.00,0.00,0.00,0.00,0,False
458,0,0,0,0,0,0,0,0,0,0,0,0,0,0.0,0.0,0.0,0.0,0,0.00,0.00,0.00,0.00,0,False
459,0,0,0,0,0,0,0,0,0,0,0,0,0,0.0,0.0,0.0,0.0,0,0.00,0.00,0.00,0.00,0,False
460,0,0,0,0,0,0,0,0,0,0,0,0,0,0.0,0.0,0.0,0.0,0,0.00,0.00,0.00,0.00,0,False
461,0,0,0,0,0,0,0,0,0,0,0,0,0,0.0,0.0,0.0,0.0,0,0.00,0.00,0.00,0.00,0,False
462,0,0,0,0,0,0,0,0,0,0,0,0,0,0.0,0.0,0.0,0.0,0,0.00,0.00,0.00,0.00,0,False
463,0,0,0,0,0,0,0,0,0,0,0,0,0,0.0,0.0,0.0,0.0,0,0.00,0.00,0.00,0.00,0,False
464,0,0,0,0,0,0,0,0,0,0,0,0,0,0.0,0.0,0.0,0.0,0,0.00,0.00,0.00,0.00,0,False
465,0,0,0,0,0,0,0,0,0,0,0,0,0,0.0,0.0,0.0,0.0,0,0.00,0.00,0.00,0.00,0,False
466,0,0,0,0,0,0,0,0,0,0,0,0,0,0.0,0.0,0.0,0.0,0,0.00,0.00,0.00,0.00,0,False
467,18,0,0,0,0,0,0,0,0,0,0,0,4,3.4,0.1,0.0,0.4,0,0.00,0.00,0.00,0.46,1,False
468,1,0,0,0,0,0,0,0,0,0,0,0,3,0.0,0.0,0.0,0.0,0,0.00,0.00,0.00,0.08,1,False
469,89,0,0,0,2,0,0,0,0,0,0,0,10,16.2,0.0,2.0,1.8,1,0.00,0.00,0.00,0.75,1,False
470,90,0,0,0,2,0,0,0,0,0,0,0,2,7.6,2.3,0.0,1.0,1,0.00,0.01,0.01,0.83,2,False
471,90,0,0,0,1,0,0,0,1,0,0,0,4,15.4,0.8,6.0,2.2,1,0.05,0.00,0.05,2.01,1,False
472,0,0,0,0,0,0,0,0,0,0,0,0,0,0.0,0.0,0.0,0.0,0,0.00,0.00,0.00,0.00,0,False
473,90,0,0,0,1,0,0,0,0,0,0,0,6,6.2,2.0,2.0,1.0,1,0.00,0.02,0.02,2.01,2,False
474,79,0,0,0,1,0,0,0,0,0,0,0,6,13.2,1.3,2.0,1.7,1,0.00,0.00,0.00,1.80,2,False
475,90,0,0,0,3,0,0,0,0,0,0,0,5,3.2,1.0,2.0,0.6,1,0.00,0.00,0.00,2.09,2,False
476,0,0,0,0,0,0,0,0,0,0,0,0,0,0.0,0.0,0.0,0.0,0,0.00,0.00,0.00,0.00,0,False
477,0,0,0,0,0,0,0,0,0,0,0,0,0,0.0,0.0,0.0,0.0,0,0.00,0.00,0.00,0.00,0,False
478,0,0,0,0,0,0,0,0,0,0,0,0,0,0.0,0.0,0.0,0.0,0,0.00,0.00,0.00,0.00,0,False
479,0,0,0,0,0,0,0,0,0,0,0,0,0,0.0,0.0,0.0,0.0,0,0.00,0.00,0.00,0.00,0,False
480,90,0,0,0,1,0,0,0,0,0,0,0,13,19.8,0.3,8.0,2.8,1,0.04,0.00,0.04,2.01,2,False
481,0,0,0,0,0,0,0,0,0,0,0,0,0,0.0,0.0,0.0,0.0,0,0.00,0.00,0.00,0.00,0,False
482,90,0,0,0,1,0,0,0,0,0,7,0,22,49.8,0.0,0.0,5.0,1,0.00,0.00,0.00,2.01,4,False
483,0,0,0,0,0,0,0,0,0,0,0,0,0,0.0,0.0,0.0,0.0,0,0.00,0.00,0.00,0.00,0,False
484,79,0,0,0,1,0,0,0,0,0,0,0,10,27.2,10.9,0.0,3.8,1,0.00,0.01,0.01,1.80,2,False
485,0,0,0,0,0,0,0,0,0,0,0,0,0,0.0,0.0,0.0,0.0,0,0.00,0.00,0.00,0.00,0,False
486,0,0,0,0,0,0,0,0,0,0,0,0,0,0.0,0.0,0.0,0.0,0,0.00,0.00,0.00,0.00,0,False
487,0,0,0,0,0,0,0,0,0,0,0,0,0,0.0,0.0,0.0,0.0,0,0.00,0.00,0.00,0.00,0,False
488,90,0,0,0,1,0,0,0,0,0,0,0,11,17.0,29.9,8.0,5.5,1,0.04,0.09,0.13,2.01,2,False
489,86,0,0,0,1,0,0,0,0,0,0,0,6,8.2,1.6,5.0,1.5,1,0.12,0.01,0.13,2.01,2,False
490,90,0,0,0,1,0,0,0,1,0,0,0,-5,1.0,4.6,8.0,1.4,1,0.24,0.01,0.25,2.01,1,False
491,0,0,0,0,0,0,0,0,0,0,0,0,0,0.0,0.0,0.0,0.0,0,0.00,0.00,0.00,0.00,0,False
492,0,0,0,0,0,0,0,0,0,0,0,0,0,0.0,0.0,0.0,0.0,0,0.00,0.00,0.00,0.00,0,False
493,90,0,0,0,2,0,0,0,0,0,0,0,20,29.4,25.6,8.0,6.3,1,0.04,0.11,0.15,2.02,2,False
494,0,0,0,0,0,0,0,0,0,0,0,0,0,0.0,0.0,0.0,0.0,0,0.00,0.00,0.00,0.00,0,False
495,0,0,0,0,0,0,0,0,0,0,0,0,0,0.0,0.0,0.0,0.0,0,0.00,0.00,0.00,0.00,0,False
496,0,0,0,0,0,0,0,0,0,0,0,0,0,0.0,0.0,0.0,0.0,0,0.00,0.00,0.00,0.00,0,False
497,90,1,0,0,2,0,0,0,0,0,0,1,27,48.6,12.3,11.0,7.2,1,0.05,0.14,0.19,2.02,8,False
498,0,0,0,0,0,0,0,0,0,0,0,0,0,0.0,0.0,0.0,0.0,0,0.00,0.00,0.00,0.00,0,False
499,0,0,0,0,0,0,0,0,0,0,0,0,0,0.0,0.0,0.0,0.0,0,0.00,0.00,0.00,0.00,0,False
500,0,0,0,0,0,0,0,0,0,0,0,0,0,0.0,0.0,0.0,0.0,0,0.00,0.00,0.00,0.00,0,False
501,90,0,0,0,2,0,0,0,0,0,0,0,12,10.0,19.8,19.0,4.9,1,0.04,0.36,0.40,2.02,2,False
502,0,0,0,0,0,0,0,0,0,0,0,0,0,0.0,0.0,0.0,0.0,0,0.00,0.00,0.00,0.00,0,False
503,0,0,0,0,0,0,0,0,0,0,0,0,0,0.0,0.0,0.0,0.0,0,0.00,0.00,0.00,0.00,0,False
504,90,0,2,0,2,0,0,0,1,0,0,2,31,49.2,82.9,21.0,15.3,1,0.07,0.94,1.01,2.02,9,False
505,0,0,0,0,0,0,0,0,0,0,0,0,0,0.0,0.0,0.0,0.0,0,0.00,0.00,0.00,0.00,0,False
506,0,0,0,0,0,0,0,0,0,0,0,0,0,0.0,0.0,0.0,0.0,0,0.00,0.00,0.00,0.00,0,False
507,15,0,0,0,0,0,0,0,0,0,0,0,8,8.4,16.3,0.0,2.5,0,0.00,0.16,0.16,0.30,1,False
508,0,0,0,0,0,0,0,0,0,0,0,0,0,0.0,0.0,0.0,0.0,0,0.00,0.00,0.00,0.00,0,False
509,90,0,0,0,2,0,0,0,0,0,0,0,3,8.4,13.5,32.0,5.4,1,0.21,0.01,0.22,2.02,2,False
510,0,0,0,0,0,0,0,0,0,0,0,0,0,0.0,0.0,0.0,0.0,0,0.00,0.00,0.00,0.00,0,False
511,13,1,0,0,0,0,0,0,0,0,0,0,15,34.0,0.3,33.0,6.7,1,0.51,0.01,0.52,0.00,7,False
512,76,0,0,0,2,0,0,0,1,0,0,0,9,17.0,5.0,4.0,2.6,0,0.12,0.03,0.15,2.02,0,False
513,15,0,0,0,0,0,0,0,0,0,0,0,4,10.8,1.9,17.0,3.0,0,0.12,0.01,0.13,0.30,1,False
514,0,0,0,0,0,0,0,0,0,0,0,0,0,0.0,0.0,0.0,0.0,0,0.00,0.00,0.00,0.00,0,False
515,74,0,0,0,2,0,0,0,1,0,0,0,8,2.2,5.1,4.0,1.1,1,0.00,0.01,0.01,1.72,1,False
516,74,0,0,0,2,0,0,0,0,0,0,0,5,0.0,6.8,31.0,3.7,1,0.08,0.05,0.13,1.72,2,False
517,0,0,0,0,0,0,0,0,0,0,0,0,0,0.0,0.0,0.0,0.0,0,0.00,0.00,0.00,0.00,0,False
518,0,0,0,0,0,0,0,0,0,0,0,0,0,0.0,0.0,0.0,0.0,0,0.00,0.00,0.00,0.00,0,False
519,90,0,0,0,2,0,0,0,0,0,0,0,16,15.8,17.3,2.0,3.5,1,0.00,0.04,0.04,2.02,1,False
520,90,0,0,0,2,0,0,0,1,0,4,0,15,36.0,0.0,0.0,3.6,1,0.00,0.00,0.00,2.02,1,False
521,0,0,0,0,0,0,0,0,0,0,0,0,0,0.0,0.0,0.0,0.0,0,0.00,0.00,0.00,0.00,0,False
522,90,0,0,0,1,0,0,0,0,0,0,0,8,13.6,0.1,0.0,1.4,1,0.00,0.00,0.00,1.37,2,False
523,77,0,0,1,0,0,0,0,1,0,0,0,5,8.6,0.8,2.0,1.1,1,0.00,0.01,0.01,0.43,1,False
524,90,0,0,0,1,0,0,0,0,0,4,0,16,21.2,0.0,0.0,2.1,1,0.00,0.00,0.00,1.37,3,False
525,90,0,0,0,1,0,0,0,0,0,0,0,7,9.2,27.0,24.0,6.0,1,0.08,0.27,0.35,1.37,2,False
526,90,1,0,0,1,0,0,0,1,0,0,3,29,40.8,43.5,33.0,11.7,1,0.22,0.35,0.57,1.37,9,False
527,1,0,0,0,0,0,0,0,0,0,0,0,2,2.2,0.0,0.0,0.2,0,0.00,0.00,0.00,0.00,1,False
528,90,0,0,0,1,0,0,0,0,0,0,0,12,19.8,24.2,0.0,4.4,1,0.00,0.16,0.16,1.37,2,False
529,0,0,0,0,0,0,0,0,0,0,0,0,0,0.0,0.0,0.0,0.0,0,0.00,0.00,0.00,0.00,0,False
530,0,0,0,0,0,0,0,0,0,0,0,0,0,0.0,0.0,0.0,0.0,0,0.00,0.00,0.00,0.00,0,False
531,0,0,0,0,0,0,0,0,0,0,0,0,0,0.0,0.0,0.0,0.0,0,0.00,0.00,0.00,0.00,0,False
532,90,0,0,0,1,0,0,0,1,0,0,0,8,20.4,26.0,4.0,5.0,1,0.00,0.25,0.25,1.37,1,False
533,0,0,0,0,0,0,0,0,0,0,0,0,0,0.0,0.0,0.0,0.0,0,0.00,0.00,0.00,0.00,0,False
534,85,0,0,0,1,0,0,0,0,0,0,0,8,8.8,12.8,17.0,3.9,1,0.09,0.09,0.18,1.35,2,False
535,12,0,0,0,1,0,0,0,0,0,0,0,1,3.0,0.0,7.0,1.0,0,0.12,0.00,0.12,0.94,1,False
536,0,0,0,0,0,0,0,0,0,0,0,0,0,0.0,0.0,0.0,0.0,0,0.00,0.00,0.00,0.00,0,False
537,4,0,0,0,0,0,0,0,0,0,0,0,3,0.2,0.0,0.0,0.0,0,0.00,0.00,0.00,0.02,1,False
538,0,0,0,0,0,0,0,0,0,0,0,0,0,0.0,0.0,0.0,0.0,0,0.00,0.00,0.00,0.00,0,False
539,90,0,0,0,1,0,0,0,1,0,0,0,11,15.2,29.4,16.0,6.1,1,0.18,0.21,0.39,1.37,1,False
540,90,0,0,0,1,0,0,0,0,0,0,0,18,21.6,4.6,31.0,5.7,1,0.25,0.03,0.28,1.18,2,False
541,0,0,0,0,0,0,0,0,0,0,0,0,0,0.0,0.0,0.0,0.0,0,0.00,0.00,0.00,0.00,0,False
542,90,0,1,0,1,0,0,0,0,0,0,2,24,32.8,11.0,16.0,6.0,1,0.37,0.01,0.38,1.37,7,False
543,0,0,0,0,0,0,0,0,0,0,0,0,0,0.0,0.0,0.0,0.0,0,0.00,0.00,0.00,0.00,0,False
544,90,0,0,0,1,0,0,0,0,0,0,0,10,19.4,0.0,0.0,1.9,1,0.00,0.00,0.00,1.37,2,False
545,76,0,0,0,1,0,0,0,1,0,0,0,9,21.6,11.1,0.0,3.3,1,0.00,0.01,0.01,1.18,1,False
546,0,0,0,0,0,0,0,0,0,0,0,0,0,0.0,0.0,0.0,0.0,0,0.00,0.00,0.00,0.00,0,False
547,0,0,0,0,0,0,0,0,0,0,0,0,0,0.0,0.0,0.0,0.0,0,0.00,0.00,0.00,0.00,0,False
548,13,0,0,0,0,0,0,0,0,0,0,0,9,9.6,18.8,6.0,3.4,0,0.06,0.14,0.20,0.29,1,False
549,0,0,0,0,0,0,0,0,0,0,0,0,0,0.0,0.0,0.0,0.0,0,0.00,0.00,0.00,0.00,0,False
550,0,0,0,0,0,0,0,0,0,0,0,0,0,0.0,0.0,0.0,0.0,0,0.00,0.00,0.00,0.00,0,False
551,90,0,0,0,1,0,0,0,0,0,0,0,15,27.0,11.3,19.0,5.7,1,0.06,0.08,0.14,1.46,2,False
552,13,0,0,0,0,0,0,0,0,0,0,0,6,11.2,10.8,57.0,7.9,0,0.33,0.01,0.34,0.29,1,False
553,90,0,0,0,4,0,0,0,0,0,0,0,16,20.4,40.5,0.0,6.1,1,0.00,0.22,0.22,4.10,0,False
554,0,0,0,0,0,0,0,0,0,0,0,0,0,0.0,0.0,0.0,0.0,0,0.00,0.00,0.00,0.00,0,False
555,0,0,0,0,0,0,0,0,0,0,0,0,0,0.0,0.0,0.0,0.0,0,0.00,0.00,0.00,0.00,0,False
556,0,0,0,0,0,0,0,0,0,0,0,0,0,0.0,0.0,0.0,0.0,0,0.00,0.00,0.00,0.00,0,False
557,27,0,0,0,1,0,0,0,0,0,0,0,2,0.0,6.5,26.0,3.1,0,0.34,0.35,0.69,0.72,1,False
558,57,0,0,0,0,0,0,0,0,0,0,0,-3,0.0,1.8,6.0,0.6,1,0.07,0.02,0.09,2.13,1,False
559,87,0,0,0,1,0,0,0,0,0,0,0,20,16.6,23.1,13.0,5.3,1,0.01,0.03,0.04,1.46,2,False
560,0,0,0,0,0,0,0,0,0,0,0,0,0,0.0,0.0,0.0,0.0,0,0.00,0.00,0.00,0.00,0,False
561,0,0,0,0,0,0,0,0,0,0,0,0,0,0.0,0.0,0.0,0.0,0,0.00,0.00,0.00,0.00,0,False
562,2,0,0,0,0,0,0,0,0,0,0,0,4,4.2,10.0,2.0,1.6,0,0.00,0.00,0.00,0.00,1,False
563,90,0,0,0,1,0,0,0,0,0,0,0,11,34.6,10.8,21.0,6.6,1,0.03,0.03,0.06,1.46,2,False
564,0,0,0,0,0,0,0,0,0,0,0,0,0,0.0,0.0,0.0,0.0,0,0.00,0.00,0.00,0.00,0,False
565,90,0,0,0,1,0,0,0,1,0,0,0,11,10.2,3.3,9.0,2.3,1,0.10,0.01,0.11,1.46,1,False
566,90,0,0,0,1,0,0,0,0,0,0,0,10,24.6,27.8,2.0,5.4,1,0.00,0.08,0.08,1.46,2,False
567,90,0,0,0,1,0,0,0,1,0,0,0,19,20.0,65.4,46.0,13.1,1,0.79,0.35,1.14,1.46,1,False
568,0,0,0,0,0,0,0,0,0,0,0,0,0,0.0,0.0,0.0,0.0,0,0.00,0.00,0.00,0.00,0,False
569,90,0,0,0,1,0,0,0,0,0,2,0,12,19.0,0.0,0.0,1.9,1,0.00,0.00,0.00,1.46,2,False
570,62,0,0,1,0,0,0,0,0,0,0,0,6,11.0,35.0,9.0,5.5,1,0.06,0.30,0.36,0.74,3,False
571,0,0,0,0,0,0,0,0,0,0,0,0,0,0.0,0.0,0.0,0.0,0,0.00,0.00,0.00,0.00,0,False
572,90,0,0,0,1,0,0,0,0,0,0,0,17,27.6,17.3,2.0,4.7,1,0.00,0.13,0.13,1.46,2,False
573,0,0,0,0,0,0,0,0,0,0,0,0,0,0.0,0.0,0.0,0.0,0,0.00,0.00,0.00,0.00,0,False
574,0,0,0,0,0,0,0,0,0,0,0,0,0,0.0,0.0,0.0,0.0,0,0.00,0.00,0.00,0.00,0,False
575,90,0,0,0,4,0,0,0,0,0,0,0,10,13.6,0.1,0.0,1.4,1,0.00,0.01,0.01,4.10,0,False
576,79,0,0,0,1,0,0,0,0,0,0,0,10,17.2,0.6,2.0,2.0,1,0.00,0.00,0.00,1.80,2,False
577,0,0,0,0,0,0,0,0,0,0,0,0,0,0.0,0.0,0.0,0.0,0,0.00,0.00,0.00,0.00,0,False
578,0,0,0,0,0,0,0,0,0,0,0,0,0,0.0,0.0,0.0,0.0,0,0.00,0.00,0.00,0.00,0,False
579,0,0,0,0,0,0,0,0,0,0,0,0,0,0.0,0.0,0.0,0.0,0,0.00,0.00,0.00,0.00,0,False
580,0,0,0,0,0,0,0,0,0,0,0,0,0,0.0,0.0,0.0,0.0,0,0.00,0.00,0.00,0.00,0,False
581,0,0,0,0,0,0,0,0,0,0,0,0,0,0.0,0.0,0.0,0.0,0,0.00,0.00,0.00,0.00,0,False
582,87,0,0,0,3,0,0,0,0,0,0,0,-2,0.0,0.3,12.0,1.0,1,0.26,0.00,0.26,2.88,2,False
583,0,0,0,0,0,0,0,0,0,0,0,0,0,0.0,0.0,0.0,0.0,0,0.00,0.00,0.00,0.00,0,False
584,59,0,0,0,3,0,0,0,0,0,0,0,12,18.2,12.6,0.0,3.1,0,0.00,0.02,0.02,2.36,0,False
585,49,0,0,0,0,0,0,0,1,0,0,0,3,3.6,2.4,0.0,0.6,1,0.00,0.01,0.01,0.28,0,False
586,87,0,0,0,3,0,0,0,0,0,0,0,4,5.2,1.8,2.0,0.9,1,0.00,0.01,0.01,2.88,2,False
587,10,0,0,0,0,0,0,0,1,0,0,0,-2,0.0,0.0,4.0,0.3,0,0.00,0.00,0.00,0.21,0,False
588,90,0,0,0,1,0,0,0,0,0,0,0,10,10.2,9.8,0.0,2.0,1,0.00,0.10,0.10,1.50,2,False
589,0,0,0,0,0,0,0,0,0,0,0,0,0,0.0,0.0,0.0,0.0,0,0.00,0.00,0.00,0.00,0,False
590,76,0,0,0,1,0,0,0,0,0,0,0,3,7.2,11.7,24.0,4.3,1,0.49,0.03,0.52,1.18,2,False
591,45,0,0,0,0,0,0,0,1,0,0,0,0,3.0,13.2,0.0,1.6,1,0.00,0.04,0.04,2.13,0,False
592,10,0,0,0,0,0,0,0,0,0,0,0,4,5.4,0.3,0.0,0.6,0,0.00,0.00,0.00,0.21,1,False
593,86,0,0,0,1,0,0,0,0,0,0,0,1,2.8,24.8,2.0,3.0,1,0.00,0.08,0.08,2.01,2,False
594,60,0,0,0,2,0,0,0,0,0,0,0,8,8.6,0.8,21.0,3.0,1,0.03,0.00,0.03,0.96,2,False
595,90,0,0,0,1,0,0,0,0,0,0,0,11,15.6,15.8,2.0,3.3,1,0.00,0.05,0.05,1.07,2,False
596,90,0,0,0,3,0,0,0,0,0,5,0,22,42.2,0.0,0.0,4.2,1,0.00,0.00,0.00,2.21,2,False
597,90,0,0,1,0,0,0,0,0,0,6,1,32,48.2,0.0,0.0,4.8,1,0.00,0.00,0.00,2.27,9,False
598,0,0,0,0,0,0,0,0,0,0,0,0,0,0.0,0.0,0.0,0.0,0,0.00,0.00,0.00,0.00,0,False
599,86,1,0,0,4,0,0,0,0,0,0,0,26,42.6,23.1,40.0,10.6,1,0.36,0.11,0.47,2.80,7,False
600,1,0,0,0,0,0,0,0,0,0,0,0,3,0.0,0.0,0.0,0.0,0,0.00,0.00,0.00,0.12,1,False
601,18,0,0,0,1,0,0,0,0,0,0,0,2,3.4,10.5,4.0,1.8,0,0.00,0.01,0.01,1.18,1,False
602,63,0,0,0,1,0,0,0,1,0,0,0,9,1.6,15.4,5.0,2.2,1,0.02,0.26,0.28,1.55,1,False
603,22,1,1,0,0,0,0,0,0,0,0,2,36,52.8,21.3,21.0,9.5,0,0.62,0.54,1.16,0.40,11,True
604,71,0,0,0,2,0,0,0,1,0,0,0,9,10.4,0.3,2.0,1.3,1,0.02,0.00,0.02,0.38,0,False
605,60,0,0,0,2,0,0,0,0,0,0,0,4,0.2,21.7,6.0,2.8,1,0.06,0.03,0.09,0.96,2,False
606,0,0,0,0,0,0,0,0,0,0,0,0,0,0.0,0.0,0.0,0.0,0,0.00,0.00,0.00,0.00,0,False
607,0,0,0,0,0,0,0,0,0,0,0,0,0,0.0,0.0,0.0,0.0,0,0.00,0.00,0.00,0.00,0,False
608,29,0,0,0,1,0,0,0,0,0,0,0,0,0.0,0.6,9.0,0.7,0,0.02,0.01,0.03,1.25,1,False
609,9,0,0,0,0,0,0,0,0,0,0,0,4,2.2,0.6,2.0,0.5,0,0.00,0.01,0.01,0.04,1,False
610,0,0,0,0,0,0,0,0,0,0,0,0,0,0.0,0.0,0.0,0.0,0,0.00,0.00,0.00,0.00,0,False
611,90,1,0,0,1,0,0,0,0,0,0,3,27,47.0,1.8,37.0,8.6,1,0.47,0.01,0.48,1.28,11,True
613,1,0,0,0,0,0,0,0,0,0,0,0,4,6.0,0.1,0.0,0.6,0,0.00,0.00,0.00,0.02,1,False
614,90,0,0,0,4,0,0,0,0,0,8,1,26,60.0,0.0,0.0,6.0,1,0.00,0.00,0.00,4.10,3,False
615,0,0,0,0,0,0,0,0,0,0,0,0,0,0.0,0.0,0.0,0.0,0,0.00,0.00,0.00,0.00,0,False
616,11,0,0,0,0,0,0,0,0,0,0,0,7,5.4,1.5,2.0,0.9,0,0.00,0.00,0.00,0.07,1,False
617,0,0,0,0,0,0,0,0,0,0,0,0,0,0.0,0.0,0.0,0.0,0,0.00,0.00,0.00,0.00,0,False
618,0,0,0,0,0,0,0,0,0,0,0,0,0,0.0,0.0,0.0,0.0,0,0.00,0.00,0.00,0.00,0,False
619,0,0,0,0,0,0,0,0,0,0,0,0,0,0.0,0.0,0.0,0.0,0,0.00,0.00,0.00,0.00,0,False
620,0,0,0,0,0,0,0,0,0,0,0,0,0,0.0,0.0,0.0,0.0,0,0.00,0.00,0.00,0.00,0,False
621,0,0,0,0,0,0,0,0,0,0,0,0,0,0.0,0.0,0.0,0.0,0,0.00,0.00,0.00,0.00,0,False
622,0,0,0,0,0,0,0,0,0,0,0,0,0,0.0,0.0,0.0,0.0,0,0.00,0.00,0.00,0.00,0,False
623,0,0,0,0,0,0,0,0,0,0,0,0,0,0.0,0.0,0.0,0.0,0,0.00,0.00,0.00,0.00,0,False
624,7,0,0,0,0,0,0,0,0,0,0,0,3,1.0,0.3,2.0,0.3,0,0.00,0.00,0.00,0.16,1,False
625,0,0,0,0,0,0,0,0,0,0,0,0,0,0.0,0.0,0.0,0.0,0,0.00,0.00,0.00,0.00,0,False
626,0,0,0,0,0,0,0,0,0,0,0,0,0,0.0,0.0,0.0,0.0,0,0.00,0.00,0.00,0.00,0,False
627,0,0,0,0,0,0,0,0,0,0,0,0,0,0.0,0.0,0.0,0.0,0,0.00,0.00,0.00,0.00,0,False
628,13,0,0,0,0,0,0,0,0,0,0,0,3,0.2,0.8,0.0,0.1,0,0.00,0.00,0.00,0.14,1,False
629,0,0,0,0,0,0,0,0,0,0,0,0,0,0.0,0.0,0.0,0.0,0,0.00,0.00,0.00,0.00,0,False
630,0,0,0,0,0,0,0,0,0,0,0,0,0,0.0,0.0,0.0,0.0,0,0.00,0.00,0.00,0.00,0,False
631,26,0,1,0,3,0,0,0,0,0,0,0,10,5.2,0.3,23.0,2.9,0,0.12,0.00,0.12,2.55,4,False
632,0,0,0,0,0,0,0,0,0,0,0,0,0,0.0,0.0,0.0,0.0,0,0.00,0.00,0.00,0.00,0,False
633,0,0,0,0,0,0,0,0,0,0,0,0,0,0.0,0.0,0.0,0.0,0,0.00,0.00,0.00,0.00,0,False
634,0,0,0,0,0,0,0,0,0,0,0,0,0,0.0,0.0,0.0,0.0,0,0.00,0.00,0.00,0.00,0,False
635,0,0,0,0,0,0,0,0,0,0,0,0,0,0.0,0.0,0.0,0.0,0,0.00,0.00,0.00,0.00,0,False
636,0,0,0,0,0,0,0,0,0,0,0,0,0,0.0,0.0,0.0,0.0,0,0.00,0.00,0.00,0.00,0,False
637,0,0,0,0,0,0,0,0,0,0,0,0,0,0.0,0.0,0.0,0.0,0,0.00,0.00,0.00,0.00,0,False
638,10,0,0,0,0,0,0,0,0,0,0,0,2,4.6,0.3,0.0,0.5,0,0.00,0.00,0.00,0.21,1,False
639,90,0,0,0,2,0,0,0,0,0,0,0,20,13.2,4.2,8.0,2.5,1,0.04,0.03,0.07,2.02,1,False
640,0,0,0,0,0,0,0,0,0,0,0,0,0,0.0,0.0,0.0,0.0,0,0.00,0.00,0.00,0.00,0,False
641,0,0,0,0,0,0,0,0,0,0,0,0,0,0.0,0.0,0.0,0.0,0,0.00,0.00,0.00,0.00,0,False
642,0,0,0,0,0,0,0,0,0,0,0,0,0,0.0,0.0,0.0,0.0,0,0.00,0.00,0.00,0.00,0,False
643,74,0,0,0,1,0,0,0,0,0,0,0,17,9.0,14.8,0.0,2.4,1,0.00,0.07,0.07,0.88,2,False
644,0,0,0,0,0,0,0,0,0,0,0,0,0,0.0,0.0,0.0,0.0,0,0.00,0.00,0.00,0.00,0,False
645,0,0,0,0,0,0,0,0,0,0,0,0,0,0.0,0.0,0.0,0.0,0,0.00,0.00,0.00,0.00,0,False
646,0,0,0,0,0,0,0,0,0,0,0,0,0,0.0,0.0,0.0,0.0,0,0.00,0.00,0.00,0.00,0,False
647,0,0,0,0,0,0,0,0,0,0,0,0,0,0.0,0.0,0.0,0.0,0,0.00,0.00,0.00,0.00,0,False
648,0,0,0,0,0,0,0,0,0,0,0,0,0,0.0,0.0,0.0,0.0,0,0.00,0.00,0.00,0.00,0,False
649,0,0,0,0,0,0,0,0,0,0,0,0,0,0.0,0.0,0.0,0.0,0,0.00,0.00,0.00,0.00,0,False
650,0,0,0,0,0,0,0,0,0,0,0,0,0,0.0,0.0,0.0,0.0,0,0.00,0.00,0.00,0.00,0,False
651,0,0,0,0,0,0,0,0,0,0,0,0,0,0.0,0.0,0.0,0.0,0,0.00,0.00,0.00,0.00,0,False
652,0,0,0,0,0,0,0,0,0,0,0,0,0,0.0,0.0,0.0,0.0,0,0.00,0.00,0.00,0.00,0,False
653,0,0,0,0,0,0,0,0,0,0,0,0,0,0.0,0.0,0.0,0.0,0,0.00,0.00,0.00,0.00,0,False
654,0,0,0,0,0,0,0,0,0,0,0,0,0,0.0,0.0,0.0,0.0,0,0.00,0.00,0.00,0.00,0,False
655,3,0,0,0,0,0,0,0,0,0,0,0,3,0.6,0.7,2.0,0.3,0,0.00,0.01,0.01,0.00,1,False
656,3,0,0,0,0,0,0,0,0,0,0,0,3,0.0,0.0,0.0,0.0,0,0.00,0.00,0.00,0.00,1,False
657,0,0,0,0,0,0,0,0,0,0,0,0,0,0.0,0.0,0.0,0.0,0,0.00,0.00,0.00,0.00,0,False
658,0,0,0,0,0,0,0,0,0,0,0,0,0,0.0,0.0,0.0,0.0,0,0.00,0.00,0.00,0.00,0,False
659,0,0,0,0,0,0,0,0,0,0,0,0,0,0.0,0.0,0.0,0.0,0,0.00,0.00,0.00,0.00,0,False
